endpoint_key,json_path,observed_type,business_category,destination
billing-periods,$,object,other,structural
billing-periods,$.created_at,string,date,column:primary
billing-periods,$.due_date,string,date,column:primary
billing-periods,$.end_date,string,date,column:primary
billing-periods,$.id,integer,identity,column:primary
billing-periods,$.position,integer,other,column:primary
billing-periods,$.project_id,integer,identity,column:primary
billing-periods,$.start_date,string,date,column:primary
billing-periods,$.status,string,status,column:primary
billing-periods,$.updated_at,string,date,column:primary
budget-change-history,$,object,other,structural
budget-change-history,$.budget_code,string,identity,column:primary
budget-change-history,$.column,string,other,column:primary
budget-change-history,$.created_at,string,date,column:primary
budget-change-history,$.created_by,string,person,column:primary
budget-change-history,$.description,string,title,column:primary
budget-change-history,$.new_value,string,money,column:primary
budget-change-history,$.old_value,string,money,column:primary
budget-change-history,$.type,string,other,column:primary
budget-modifications,$,object,other,structural
budget-modifications,$.created_at,string,date,column:primary
budget-modifications,$.from_budget_line_item_id,integer,identity,column:primary
budget-modifications,$.id,integer,identity,column:primary
budget-modifications,$.notes,string,title,column:primary
budget-modifications,$.origin_data,null,other,column:primary
budget-modifications,$.origin_id,null,identity,column:primary
budget-modifications,$.to_budget_line_item_id,integer,identity,column:primary
budget-modifications,$.transfer_amount,string,money,column:primary
budget-modifications,$.updated_at,string,date,column:primary
budget-views,$,object,other,structural
budget-views,$.created_at,string,date,column:primary
budget-views,$.created_by,object,person,structural
budget-views,$.created_by.id,integer,identity,column:primary
budget-views,$.created_by.login,string,person,column:primary
budget-views,$.created_by.name,string,title,column:primary
budget-views,$.description,string,title,column:primary
budget-views,$.id,integer,identity,column:primary
budget-views,$.links,object,other,structural
budget-views,$.links.detail_rows,string,other,sidecar:primary
budget-views,$.links.summary_rows,string,money,column:primary
budget-views,$.name,string,title,column:primary
budget-views,$.role,string,other,column:primary
budget-views,$.updated_at,string,date,column:primary
change-events,$,object,other,structural
change-events,$.attachments,array,attachment,child:procore_ep_change_events_attachments
change-events,$.attachments[],object,attachment,structural
change-events,$.attachments[].filename,string,attachment,column:$.attachments
change-events,$.attachments[].id,integer,identity,column:$.attachments
change-events,$.attachments[].url,string,attachment,column:$.attachments
change-events,$.change_items,array,other,child:procore_ep_change_events_change_items
change-events,$.change_items[],object,other,structural
change-events,$.change_items[].budget_code,object,identity,structural
change-events,$.change_items[].budget_code.description,string,title,column:$.change_items
change-events,$.change_items[].budget_code.flat_code,string,identity,column:$.change_items
change-events,$.change_items[].budget_code.id,integer,identity,column:$.change_items
change-events,$.change_items[].budget_code.segment_items,array,cost_code,child:procore_ep_change_events_change_items_budget_code_seg_2dff22
change-events,$.change_items[].budget_code.segment_items[],object,cost_code,structural
change-events,$.change_items[].budget_code.segment_items[].code,string,identity,column:$.change_items[].budget_code.segment_items
change-events,$.change_items[].budget_code.segment_items[].id,integer,identity,column:$.change_items[].budget_code.segment_items
change-events,$.change_items[].budget_code.segment_items[].name,string,title,column:$.change_items[].budget_code.segment_items
change-events,$.change_items[].budget_code.segment_items[].path_codes,array,cost_code,sidecar:child:$.change_items[].budget_code.segment_items
change-events,$.change_items[].budget_code.segment_items[].path_codes[],string,cost_code,structural
change-events,$.change_items[].budget_code.segment_items[].path_ids,array,cost_code,sidecar:child:$.change_items[].budget_code.segment_items
change-events,$.change_items[].budget_code.segment_items[].path_ids[],integer,cost_code,structural
change-events,$.change_items[].budget_code.segment_items[].segment,object,cost_code,structural
change-events,$.change_items[].budget_code.segment_items[].segment.id,integer,identity,column:$.change_items[].budget_code.segment_items
change-events,$.change_items[].budget_code.segment_items[].segment.name,string,title,column:$.change_items[].budget_code.segment_items
change-events,$.change_items[].budget_code.segment_items[].segment.type,string,other,sidecar:child:$.change_items[].budget_code.segment_items
change-events,$.change_items[].budget_impact,object,money,structural
change-events,$.change_items[].budget_impact.budget_change,null,money,column:$.change_items
change-events,$.change_items[].budget_impact.budget_modification,null,money,column:$.change_items
change-events,$.change_items[].budget_impact.source_of_latest_budget_impact,string,money,column:$.change_items
change-events,$.change_items[].budget_impact.source_of_stage,string,status,column:$.change_items
change-events,$.change_items[].cost_impact,object,money,structural
change-events,$.change_items[].cost_impact.commitment,object,other,sidecar:child:$.change_items
change-events,$.change_items[].cost_impact.commitment.contract_type,string,other,sidecar:child:$.change_items
change-events,$.change_items[].cost_impact.commitment.currency_configuration,object,money,structural
change-events,$.change_items[].cost_impact.commitment.currency_configuration.base_currency_iso_code,null,identity,column:$.change_items
change-events,$.change_items[].cost_impact.commitment.currency_configuration.currency_exchange_rate,null,money,column:$.change_items
change-events,$.change_items[].cost_impact.commitment.currency_configuration.currency_iso_code,null,identity,column:$.change_items
change-events,$.change_items[].cost_impact.commitment.days_in_stage,integer,status,column:$.change_items
change-events,$.change_items[].cost_impact.commitment.id,integer,identity,column:$.change_items
change-events,$.change_items[].cost_impact.commitment.in_status_since,string,status,column:$.change_items
change-events,$.change_items[].cost_impact.commitment.line_item,object,other,structural
change-events,$.change_items[].cost_impact.commitment.line_item.amount,string,money,column:$.change_items
change-events,$.change_items[].cost_impact.commitment.line_item.amount_project_currency,string,money,column:$.change_items
change-events,$.change_items[].cost_impact.commitment.line_item.holder_id,integer,identity,column:$.change_items
change-events,$.change_items[].cost_impact.commitment.line_item.id,integer,identity,column:$.change_items
change-events,$.change_items[].cost_impact.commitment.number,string,identity,column:$.change_items
change-events,$.change_items[].cost_impact.commitment.status,string,status,column:$.change_items
change-events,$.change_items[].cost_impact.commitment.title,string,title,column:$.change_items
change-events,$.change_items[].cost_impact.commitment.type,string,other,sidecar:child:$.change_items
change-events,$.change_items[].cost_impact.contract,object,other,structural
change-events,$.change_items[].cost_impact.contract.confirmed,object,company,column:$.change_items
change-events,$.change_items[].cost_impact.contract.confirmed.contract_type,string,other,sidecar:child:$.change_items
change-events,$.change_items[].cost_impact.contract.confirmed.id,integer,identity,column:$.change_items
change-events,$.change_items[].cost_impact.contract.confirmed.number,string,identity,column:$.change_items
change-events,$.change_items[].cost_impact.contract.confirmed.status,string,status,column:$.change_items
change-events,$.change_items[].cost_impact.contract.confirmed.title,string,title,column:$.change_items
change-events,$.change_items[].cost_impact.contract.proposed,object,other,sidecar:child:$.change_items
change-events,$.change_items[].cost_impact.contract.proposed.contract_type,string,other,sidecar:child:$.change_items
change-events,$.change_items[].cost_impact.contract.proposed.id,integer,identity,column:$.change_items
change-events,$.change_items[].cost_impact.contract.proposed.number,string,identity,column:$.change_items
change-events,$.change_items[].cost_impact.contract.proposed.status,string,status,column:$.change_items
change-events,$.change_items[].cost_impact.contract.proposed.title,string,title,column:$.change_items
change-events,$.change_items[].cost_impact.estimate,object,other,structural
change-events,$.change_items[].cost_impact.estimate.amount,string,money,column:$.change_items
change-events,$.change_items[].cost_impact.estimate.calculation_strategy,string,other,sidecar:child:$.change_items
change-events,$.change_items[].cost_impact.estimate.quantity,string,quantity,column:$.change_items
change-events,$.change_items[].cost_impact.estimate.unit_cost,string,money,column:$.change_items
change-events,$.change_items[].cost_impact.estimate.unit_of_measure,string,quantity,column:$.change_items
change-events,$.change_items[].cost_impact.non_commitment,object,other,structural
change-events,$.change_items[].cost_impact.non_commitment.amount,null,money,column:$.change_items
change-events,$.change_items[].cost_impact.request_for_quote,object,other,sidecar:child:$.change_items
change-events,$.change_items[].cost_impact.request_for_quote.contract_id,integer,identity,column:$.change_items
change-events,$.change_items[].cost_impact.request_for_quote.contract_type,string,other,sidecar:child:$.change_items
change-events,$.change_items[].cost_impact.request_for_quote.currency_configuration,object,money,structural
change-events,$.change_items[].cost_impact.request_for_quote.currency_configuration.base_currency_iso_code,null,identity,column:$.change_items
change-events,$.change_items[].cost_impact.request_for_quote.currency_configuration.currency_exchange_rate,null,money,column:$.change_items
change-events,$.change_items[].cost_impact.request_for_quote.currency_configuration.currency_iso_code,null,identity,column:$.change_items
change-events,$.change_items[].cost_impact.request_for_quote.days_in_stage,integer,status,column:$.change_items
change-events,$.change_items[].cost_impact.request_for_quote.id,integer,identity,column:$.change_items
change-events,$.change_items[].cost_impact.request_for_quote.in_status_since,string,status,column:$.change_items
change-events,$.change_items[].cost_impact.request_for_quote.latest_quote_amount,null,money,column:$.change_items
change-events,$.change_items[].cost_impact.request_for_quote.latest_quote_amount_project_currency,null,money,column:$.change_items
change-events,$.change_items[].cost_impact.request_for_quote.number,string,identity,column:$.change_items
change-events,$.change_items[].cost_impact.request_for_quote.status,string,status,column:$.change_items
change-events,$.change_items[].cost_impact.request_for_quote.title,string,title,column:$.change_items
change-events,$.change_items[].cost_impact.source_of_latest_cost,string,money,column:$.change_items
change-events,$.change_items[].cost_impact.source_of_stage,string,status,column:$.change_items
change-events,$.change_items[].cost_impact.vendor,object,company,structural
change-events,$.change_items[].cost_impact.vendor.confirmed,object,company,column:$.change_items
change-events,$.change_items[].cost_impact.vendor.confirmed.id,integer,identity,column:$.change_items
change-events,$.change_items[].cost_impact.vendor.confirmed.name,string,title,column:$.change_items
change-events,$.change_items[].cost_impact.vendor.confirmed.web_page_url,string,attachment,sidecar:child:$.change_items
change-events,$.change_items[].cost_impact.vendor.proposed,object,other,sidecar:child:$.change_items
change-events,$.change_items[].cost_impact.vendor.proposed.id,integer,identity,column:$.change_items
change-events,$.change_items[].cost_impact.vendor.proposed.name,string,title,column:$.change_items
change-events,$.change_items[].cost_impact.vendor.proposed.web_page_url,string,attachment,sidecar:child:$.change_items
change-events,$.change_items[].created_at,string,date,column:$.change_items
change-events,$.change_items[].currency_configuration,object,money,structural
change-events,$.change_items[].currency_configuration.currency_iso_code,null,identity,column:$.change_items
change-events,$.change_items[].deletable,boolean,other,column:$.change_items
change-events,$.change_items[].deleted_at,null,date,column:$.change_items
change-events,$.change_items[].description,string,title,column:$.change_items
change-events,$.change_items[].disabled_fields,array,other,sidecar:child:$.change_items
change-events,$.change_items[].disabled_fields[],string,other,structural
change-events,$.change_items[].editable,boolean,other,column:$.change_items
change-events,$.change_items[].event_id,integer,identity,column:$.change_items
change-events,$.change_items[].event_number,string,identity,column:$.change_items
change-events,$.change_items[].event_title,string,title,column:$.change_items
change-events,$.change_items[].id,integer,identity,column:$.change_items
change-events,$.change_items[].item_type,string,other,column:$.change_items
change-events,$.change_items[].latest_cost_values,object,money,structural
change-events,$.change_items[].latest_cost_values.amount,string,money,column:$.change_items
change-events,$.change_items[].latest_cost_values.amount_project_currency,string,money,column:$.change_items
change-events,$.change_items[].latest_cost_values.calculation_strategy,string,other,sidecar:child:$.change_items
change-events,$.change_items[].latest_cost_values.quantity,string,quantity,column:$.change_items
change-events,$.change_items[].latest_cost_values.unit_cost,string,money,column:$.change_items
change-events,$.change_items[].latest_cost_values.unit_cost_project_currency,string,money,column:$.change_items
change-events,$.change_items[].latest_cost_values.uom,object,quantity,structural
change-events,$.change_items[].latest_cost_values.uom.id,string,identity,column:$.change_items
change-events,$.change_items[].latest_cost_values.uom.name,string,title,column:$.change_items
change-events,$.change_items[].latest_revenue_values,object,money,structural
change-events,$.change_items[].latest_revenue_values.amount,string,money,column:$.change_items
change-events,$.change_items[].latest_revenue_values.amount_project_currency,string,money,column:$.change_items
change-events,$.change_items[].latest_revenue_values.calculation_strategy,string,other,sidecar:child:$.change_items
change-events,$.change_items[].latest_revenue_values.quantity,string,quantity,column:$.change_items
change-events,$.change_items[].latest_revenue_values.unit_cost,string,money,column:$.change_items
change-events,$.change_items[].latest_revenue_values.unit_cost_project_currency,string,money,column:$.change_items
change-events,$.change_items[].latest_revenue_values.uom,object,quantity,structural
change-events,$.change_items[].latest_revenue_values.uom.id,string,identity,column:$.change_items
change-events,$.change_items[].latest_revenue_values.uom.name,string,title,column:$.change_items
change-events,$.change_items[].line_aging,integer,other,column:$.change_items
change-events,$.change_items[].notes,object,title,structural
change-events,$.change_items[].revenue_impact,object,other,structural
change-events,$.change_items[].revenue_impact.change_order,object,other,sidecar:child:$.change_items
change-events,$.change_items[].revenue_impact.change_order.contract_id,integer,identity,column:$.change_items
change-events,$.change_items[].revenue_impact.change_order.contract_number,string,identity,column:$.change_items
change-events,$.change_items[].revenue_impact.change_order.contract_title,string,title,column:$.change_items
change-events,$.change_items[].revenue_impact.change_order.currency_configuration,object,money,structural
change-events,$.change_items[].revenue_impact.change_order.currency_configuration.base_currency_iso_code,null,identity,column:$.change_items
change-events,$.change_items[].revenue_impact.change_order.currency_configuration.currency_exchange_rate,null,money,column:$.change_items
change-events,$.change_items[].revenue_impact.change_order.currency_configuration.currency_iso_code,null,identity,column:$.change_items
change-events,$.change_items[].revenue_impact.change_order.days_in_stage,integer,status,column:$.change_items
change-events,$.change_items[].revenue_impact.change_order.id,integer,identity,column:$.change_items
change-events,$.change_items[].revenue_impact.change_order.in_status_since,string,status,column:$.change_items
change-events,$.change_items[].revenue_impact.change_order.line_item,object,other,structural
change-events,$.change_items[].revenue_impact.change_order.line_item.amount,string,money,column:$.change_items
change-events,$.change_items[].revenue_impact.change_order.line_item.amount_project_currency,string,money,column:$.change_items
change-events,$.change_items[].revenue_impact.change_order.line_item.id,integer,identity,column:$.change_items
change-events,$.change_items[].revenue_impact.change_order.number,string,identity,column:$.change_items
change-events,$.change_items[].revenue_impact.change_order.status,string,status,column:$.change_items
change-events,$.change_items[].revenue_impact.change_order.title,string,title,column:$.change_items
change-events,$.change_items[].revenue_impact.change_order.type,string,other,sidecar:child:$.change_items
change-events,$.change_items[].revenue_impact.change_order_package,object,other,sidecar:child:$.change_items
change-events,$.change_items[].revenue_impact.change_order_package.contract_id,integer,identity,column:$.change_items
change-events,$.change_items[].revenue_impact.change_order_package.days_in_stage,integer,status,column:$.change_items
change-events,$.change_items[].revenue_impact.change_order_package.id,integer,identity,column:$.change_items
change-events,$.change_items[].revenue_impact.change_order_package.in_status_since,string,status,column:$.change_items
change-events,$.change_items[].revenue_impact.change_order_package.line_item,object,other,structural
change-events,$.change_items[].revenue_impact.change_order_package.line_item.amount,string,money,column:$.change_items
change-events,$.change_items[].revenue_impact.change_order_package.line_item.amount_project_currency,string,money,column:$.change_items
change-events,$.change_items[].revenue_impact.change_order_package.line_item.id,integer,identity,column:$.change_items
change-events,$.change_items[].revenue_impact.change_order_package.number,string,identity,column:$.change_items
change-events,$.change_items[].revenue_impact.change_order_package.status,string,status,column:$.change_items
change-events,$.change_items[].revenue_impact.change_order_package.title,string,title,column:$.change_items
change-events,$.change_items[].revenue_impact.change_order_package.type,string,other,sidecar:child:$.change_items
change-events,$.change_items[].revenue_impact.estimate,object,other,structural
change-events,$.change_items[].revenue_impact.estimate.amount,string,money,column:$.change_items
change-events,$.change_items[].revenue_impact.estimate.amount_project_currency,string,money,column:$.change_items
change-events,$.change_items[].revenue_impact.estimate.calculation_strategy,string,other,sidecar:child:$.change_items
change-events,$.change_items[].revenue_impact.estimate.quantity,string,quantity,column:$.change_items
change-events,$.change_items[].revenue_impact.estimate.unit_cost,string,money,column:$.change_items
change-events,$.change_items[].revenue_impact.estimate.unit_cost_project_currency,string,money,column:$.change_items
change-events,$.change_items[].revenue_impact.source_of_latest_price,string,money,column:$.change_items
change-events,$.change_items[].revenue_impact.source_of_revenue_rom,string,other,sidecar:child:$.change_items
change-events,$.change_items[].revenue_impact.source_of_stage,string,status,column:$.change_items
change-events,$.change_items[].updated_at,string,date,column:$.change_items
change-events,$.change_reason,object,title,structural
change-events,$.change_reason.change_reason,string,title,column:primary
change-events,$.change_reason.id,integer,identity,column:primary
change-events,$.change_type,object,other,structural
change-events,$.change_type.abbreviation,string,other,sidecar:primary
change-events,$.change_type.id,integer,identity,column:primary
change-events,$.change_type.name,string,title,column:primary
change-events,$.comments_enabled,boolean,title,column:primary
change-events,$.company_id,integer,identity,column:primary
change-events,$.created_at,string,date,column:primary
change-events,$.created_by,object,person,structural
change-events,$.created_by.id,integer,identity,column:primary
change-events,$.created_by.login,string,person,column:primary
change-events,$.created_by.name,string,title,column:primary
change-events,$.currency_configuration,object,money,structural
change-events,$.currency_configuration.currency_iso_code,null,identity,column:primary
change-events,$.custom_fields,object,custom_field,structural
change-events,$.deletable,boolean,other,column:primary
change-events,$.deleted_at,null,date,column:primary
change-events,$.description,string,title,column:primary
change-events,$.event_origin,object,other,column:primary
change-events,$.event_origin.display_name,string,title,column:primary
change-events,$.event_origin.origin_id,integer,identity,column:primary
change-events,$.event_origin.origin_type,string,other,sidecar:primary
change-events,$.event_origin.web_page_url,string,attachment,sidecar:primary
change-events,$.external_data,null,custom_field,column:primary
change-events,$.has_edited_markups,boolean,money,column:primary
change-events,$.id,integer,identity,column:primary
change-events,$.in_recycle_bin,boolean,other,column:primary
change-events,$.markup_items,array,money,child:procore_ep_change_events_markup_items
change-events,$.markup_items[],object,money,structural
change-events,$.markup_items[].event_id,integer,identity,column:$.markup_items
change-events,$.markup_items[].id,string,identity,column:$.markup_items
change-events,$.markup_items[].item_type,string,other,column:$.markup_items
change-events,$.markup_items[].revenue,object,other,structural
change-events,$.markup_items[].revenue.change_order_amount,string,money,column:$.markup_items
change-events,$.markup_items[].revenue.change_order_amount_project_currency,string,money,column:$.markup_items
change-events,$.markup_items[].revenue.estimate_amount,string,money,column:$.markup_items
change-events,$.markup_items[].revenue.latest_price_amount,string,money,column:$.markup_items
change-events,$.markup_items[].revenue.latest_price_amount_project_currency,string,money,column:$.markup_items
change-events,$.markup_items[].wbs_code,object,identity,structural
change-events,$.markup_items[].wbs_code.description,string,title,column:$.markup_items
change-events,$.markup_items[].wbs_code.flat_code,string,identity,column:$.markup_items
change-events,$.markup_items[].wbs_code.id,integer,identity,column:$.markup_items
change-events,$.markup_items[].wbs_code.segment_items,array,cost_code,child:procore_ep_change_events_markup_items_wbs_code_segment_items
change-events,$.markup_items[].wbs_code.segment_items[],object,cost_code,structural
change-events,$.markup_items[].wbs_code.segment_items[].code,string,identity,column:$.markup_items[].wbs_code.segment_items
change-events,$.markup_items[].wbs_code.segment_items[].id,integer,identity,column:$.markup_items[].wbs_code.segment_items
change-events,$.markup_items[].wbs_code.segment_items[].name,string,title,column:$.markup_items[].wbs_code.segment_items
change-events,$.markup_items[].wbs_code.segment_items[].path_codes,array,cost_code,sidecar:child:$.markup_items[].wbs_code.segment_items
change-events,$.markup_items[].wbs_code.segment_items[].path_codes[],string,cost_code,structural
change-events,$.markup_items[].wbs_code.segment_items[].path_ids,array,cost_code,sidecar:child:$.markup_items[].wbs_code.segment_items
change-events,$.markup_items[].wbs_code.segment_items[].path_ids[],integer,cost_code,structural
change-events,$.markup_items[].wbs_code.segment_items[].segment,object,cost_code,structural
change-events,$.markup_items[].wbs_code.segment_items[].segment.id,integer,identity,column:$.markup_items[].wbs_code.segment_items
change-events,$.markup_items[].wbs_code.segment_items[].segment.name,string,title,column:$.markup_items[].wbs_code.segment_items
change-events,$.markup_items[].wbs_code.segment_items[].segment.type,string,other,sidecar:child:$.markup_items[].wbs_code.segment_items
change-events,$.notes,object,title,structural
change-events,$.number,string,identity,column:primary
change-events,$.prime_contract_for_estimates,object,other,structural
change-events,$.prime_contract_for_estimates.id,integer,identity,column:primary
change-events,$.prime_contract_for_estimates.number,string,identity,column:primary
change-events,$.prime_contract_for_estimates.title,string,title,column:primary
change-events,$.production_quantities,array,other,sidecar:primary
change-events,$.project_id,integer,identity,column:primary
change-events,$.scope,string,title,column:primary
change-events,$.source,null,other,column:primary
change-events,$.source_of_revenue_rom,string,other,column:primary
change-events,$.status,object,status,structural
change-events,$.status.id,integer,identity,column:primary
change-events,$.status.mapped_to_status,string,status,column:primary
change-events,$.status.name,string,title,column:primary
change-events,$.title,string,title,column:primary
change-events,$.updated_at,string,date,column:primary
commitment-attachments,$,object,other,structural
commitment-attachments,$.content_type,string,other,column:primary
commitment-attachments,$.id,string,identity,column:primary
commitment-attachments,$.name,string,title,column:primary
commitment-attachments,$.url,string,attachment,column:primary
commitment-attachments,$.uuid,string,identity,column:primary
commitment-change-orders,$,object,other,structural
commitment-change-orders,$.batch_id,null,identity,column:primary
commitment-change-orders,$.billing_schedule_of_values_status,string,money,column:primary
commitment-change-orders,$.change_order_change_reason,object,title,column:primary
commitment-change-orders,$.change_order_change_reason.change_reason,string,title,column:primary
commitment-change-orders,$.change_order_change_reason.id,integer,identity,column:primary
commitment-change-orders,$.contract_id,integer,identity,column:primary
commitment-change-orders,$.created_at,string,date,column:primary
commitment-change-orders,$.created_by,object,person,structural
commitment-change-orders,$.created_by.id,integer,identity,column:primary
commitment-change-orders,$.created_by.name,string,title,column:primary
commitment-change-orders,$.currency_configuration,object,money,structural
commitment-change-orders,$.currency_configuration.currency_iso_code,null,identity,column:primary
commitment-change-orders,$.custom_fields,object,custom_field,structural
commitment-change-orders,$.description,string,title,column:primary
commitment-change-orders,$.designated_reviewer,object,status,column:primary
commitment-change-orders,$.designated_reviewer.id,integer,identity,column:primary
commitment-change-orders,$.designated_reviewer.name,string,title,column:primary
commitment-change-orders,$.due_date,string,date,column:primary
commitment-change-orders,$.enable_ssov,boolean,other,column:primary
commitment-change-orders,$.executed,boolean,status,column:primary
commitment-change-orders,$.field_change,boolean,other,column:primary
commitment-change-orders,$.grand_total,string,money,column:primary
commitment-change-orders,$.id,integer,identity,column:primary
commitment-change-orders,$.invoiced_date,null,date,column:primary
commitment-change-orders,$.legacy_package_id,integer,identity,column:primary
commitment-change-orders,$.legacy_request_id,integer,identity,column:primary
commitment-change-orders,$.location_id,integer,identity,column:primary
commitment-change-orders,$.number,string,identity,column:primary
commitment-change-orders,$.paid,boolean,money,column:primary
commitment-change-orders,$.paid_date,null,date,column:primary
commitment-change-orders,$.private,boolean,status,column:primary
commitment-change-orders,$.received_from,object,other,column:primary
commitment-change-orders,$.received_from.id,integer,identity,column:primary
commitment-change-orders,$.received_from.name,string,title,column:primary
commitment-change-orders,$.reference,string,other,column:primary
commitment-change-orders,$.review_notes,string,status,column:primary
commitment-change-orders,$.reviewed_at,string,date,column:primary
commitment-change-orders,$.reviewed_by,object,status,column:primary
commitment-change-orders,$.reviewed_by.id,integer,identity,column:primary
commitment-change-orders,$.reviewed_by.name,string,title,column:primary
commitment-change-orders,$.revision,integer,other,column:primary
commitment-change-orders,$.schedule_impact_amount,integer,money,column:primary
commitment-change-orders,$.signature_required,boolean,other,column:primary
commitment-change-orders,$.signed_change_order_received_date,string,date,column:primary
commitment-change-orders,$.status,string,status,column:primary
commitment-change-orders,$.title,string,title,column:primary
commitment-change-orders,$.type,string,other,column:primary
commitment-change-orders,$.updated_at,string,date,column:primary
commitment-compliance,$,object,other,structural
commitment-compliance,$.compliance_documents,array,attachment,sidecar:primary
commitment-compliance,$.compliance_notes,null,title,column:primary
commitment-compliance,$.compliance_requirements_not_created,array,other,sidecar:primary
commitment-compliance,$.compliance_status,null,status,column:primary
commitment-compliance,$.derived_compliance_status,null,status,column:primary
commitment-compliance,$.derived_insurance_status,string,status,column:primary
commitment-compliance,$.insurance_documents,array,attachment,child:procore_ep_commitment_compliance_insurance_documents
commitment-compliance,$.insurance_documents[],object,attachment,structural
commitment-compliance,$.insurance_documents[].attachments,array,attachment,child:procore_ep_commitment_compliance_insurance_documents__52b7bf
commitment-compliance,$.insurance_documents[].attachments[],object,attachment,structural
commitment-compliance,$.insurance_documents[].attachments[].content_type,string,other,column:$.insurance_documents[].attachments
commitment-compliance,$.insurance_documents[].attachments[].filename,string,attachment,column:$.insurance_documents[].attachments
commitment-compliance,$.insurance_documents[].attachments[].id,integer,identity,column:$.insurance_documents[].attachments
commitment-compliance,$.insurance_documents[].attachments[].url,string,attachment,column:$.insurance_documents[].attachments
commitment-compliance,$.insurance_documents[].effective_at,string,date,column:$.insurance_documents
commitment-compliance,$.insurance_documents[].expires_at,string,date,column:$.insurance_documents
commitment-compliance,$.insurance_documents[].id,integer,identity,column:$.insurance_documents
commitment-compliance,$.insurance_documents[].insurance_type,string,other,column:$.insurance_documents
commitment-compliance,$.insurance_documents[].level,string,other,column:$.insurance_documents
commitment-compliance,$.insurance_documents[].name,string,title,column:$.insurance_documents
commitment-compliance,$.insurance_documents[].notes,string,title,column:$.insurance_documents
commitment-compliance,$.insurance_documents[].status,string,status,column:$.insurance_documents
commitment-compliance,$.insurance_notes,null,title,column:primary
commitment-compliance,$.insurance_requirements_not_created,array,other,sidecar:primary
commitment-compliance,$.insurance_status,null,status,column:primary
commitment-compliance,$.updated_at,null,date,column:primary
commitment-compliance,$.updated_by_id,null,identity,column:primary
commitment-contracts,$,object,other,structural
commitment-contracts,$.accounting_method,string,other,column:primary
commitment-contracts,$.actual_completion_date,null,date,column:primary
commitment-contracts,$.allow_change_orders_ssov,boolean,other,column:primary
commitment-contracts,$.allow_comments,boolean,title,column:primary
commitment-contracts,$.allow_markups,boolean,money,column:primary
commitment-contracts,$.allow_payment_applications,boolean,money,column:primary
commitment-contracts,$.allow_payments,boolean,money,column:primary
commitment-contracts,$.approval_letter_date,null,date,column:primary
commitment-contracts,$.assignee,object,person,structural
commitment-contracts,$.assignee.id,string,identity,column:primary
commitment-contracts,$.bill_to_address,string,other,column:primary
commitment-contracts,$.billing_schedule_of_values_status,string,money,column:primary
commitment-contracts,$.change_order_level_of_detail,string,other,column:primary
commitment-contracts,$.contract_date,null,date,column:primary
commitment-contracts,$.contract_estimated_completion_date,string,date,column:primary
commitment-contracts,$.contract_start_date,string,date,column:primary
commitment-contracts,$.created_at,string,date,column:primary
commitment-contracts,$.created_by,object,person,structural
commitment-contracts,$.created_by.id,string,identity,column:primary
commitment-contracts,$.created_by.name,string,title,column:primary
commitment-contracts,$.currency_configuration,object,money,structural
commitment-contracts,$.currency_configuration.currency_iso_code,null,identity,column:primary
commitment-contracts,$.delivery_date,string,date,column:primary
commitment-contracts,$.description,string,title,column:primary
commitment-contracts,$.display_materials_retainage,boolean,money,column:primary
commitment-contracts,$.display_work_retainage,boolean,money,column:primary
commitment-contracts,$.enable_ssov,boolean,other,column:primary
commitment-contracts,$.exclusions,string,other,column:primary
commitment-contracts,$.executed,boolean,status,column:primary
commitment-contracts,$.execution_date,null,date,column:primary
commitment-contracts,$.grand_total,string,money,column:primary
commitment-contracts,$.id,string,identity,column:primary
commitment-contracts,$.inclusions,string,other,column:primary
commitment-contracts,$.issued_on_date,null,date,column:primary
commitment-contracts,$.letter_of_intent_date,null,date,column:primary
commitment-contracts,$.number,string,identity,column:primary
commitment-contracts,$.payment_terms,string,money,column:primary
commitment-contracts,$.private,boolean,status,column:primary
commitment-contracts,$.retainage_percent,string,money,column:primary
commitment-contracts,$.returned_date,null,date,column:primary
commitment-contracts,$.ship_to_address,string,other,column:primary
commitment-contracts,$.ship_via,null,other,column:primary
commitment-contracts,$.show_cost_code_on_pdf,boolean,cost_code,column:primary
commitment-contracts,$.show_line_items_to_non_admins,boolean,other,column:primary
commitment-contracts,$.signature_required,boolean,other,column:primary
commitment-contracts,$.signed_contract_received_date,string,date,column:primary
commitment-contracts,$.ssr_enabled,boolean,other,column:primary
commitment-contracts,$.status,string,status,column:primary
commitment-contracts,$.title,string,title,column:primary
commitment-contracts,$.type,string,other,column:primary
commitment-contracts,$.updated_at,string,date,column:primary
commitment-contracts,$.vendor,object,company,structural
commitment-contracts,$.vendor.id,string,identity,column:primary
commitment-line-items,$,object,other,structural
commitment-line-items,$.amount,string,money,column:primary
commitment-line-items,$.description,string,title,column:primary
commitment-line-items,$.extended_type,string,other,column:primary
commitment-line-items,$.funding_rule_id,null,identity,column:primary
commitment-line-items,$.id,string,identity,column:primary
commitment-line-items,$.position,integer,other,column:primary
commitment-line-items,$.prime_line_item_id,null,identity,column:primary
commitment-line-items,$.quantity,string,quantity,column:primary
commitment-line-items,$.tax_code_id,null,identity,column:primary
commitment-line-items,$.unit_cost,string,money,column:primary
commitment-line-items,$.uom,string,quantity,column:primary
commitment-line-items,$.wbs_code,object,identity,structural
commitment-line-items,$.wbs_code.description,string,title,column:primary
commitment-line-items,$.wbs_code.flat_code,string,identity,column:primary
commitment-line-items,$.wbs_code.id,string,identity,column:primary
commitment-line-items,$.wbs_code_id,string,identity,column:primary
daily-log-dcrs,$,object,other,structural
daily-log-dcrs,$.apprentice_hours,string,quantity,column:primary
daily-log-dcrs,$.attachments,array,attachment,child:procore_ep_daily_log_dcrs_attachments
daily-log-dcrs,$.attachments[],object,attachment,structural
daily-log-dcrs,$.attachments[].content_type,string,other,column:$.attachments
daily-log-dcrs,$.attachments[].filename,string,attachment,column:$.attachments
daily-log-dcrs,$.attachments[].id,integer,identity,column:$.attachments
daily-log-dcrs,$.attachments[].name,string,title,column:$.attachments
daily-log-dcrs,$.attachments[].share_url,string,attachment,column:$.attachments
daily-log-dcrs,$.attachments[].url,string,attachment,column:$.attachments
daily-log-dcrs,$.attachments[].viewable_type,string,other,column:$.attachments
daily-log-dcrs,$.attachments[].viewable_url,string,attachment,column:$.attachments
daily-log-dcrs,$.created_at,string,date,column:primary
daily-log-dcrs,$.created_by,object,person,structural
daily-log-dcrs,$.created_by.id,integer,identity,column:primary
daily-log-dcrs,$.created_by.login,string,person,column:primary
daily-log-dcrs,$.created_by.name,string,title,column:primary
daily-log-dcrs,$.created_by_collaborator,boolean,person,column:primary
daily-log-dcrs,$.custom_fields,object,custom_field,structural
daily-log-dcrs,$.date,string,date,column:primary
daily-log-dcrs,$.datetime,string,other,column:primary
daily-log-dcrs,$.deleted_at,null,date,column:primary
daily-log-dcrs,$.first_year_hours,string,quantity,column:primary
daily-log-dcrs,$.foreman_hours,string,quantity,column:primary
daily-log-dcrs,$.id,integer,identity,column:primary
daily-log-dcrs,$.journeyman_hours,string,quantity,column:primary
daily-log-dcrs,$.local_city_hours,string,quantity,column:primary
daily-log-dcrs,$.local_county_hours,string,quantity,column:primary
daily-log-dcrs,$.location,null,other,column:primary
daily-log-dcrs,$.minority_hours,string,quantity,column:primary
daily-log-dcrs,$.notes,string,title,column:primary
daily-log-dcrs,$.number_of_apprentice_workers,integer,quantity,column:primary
daily-log-dcrs,$.number_of_foreman_workers,integer,quantity,column:primary
daily-log-dcrs,$.number_of_journeyman_workers,integer,quantity,column:primary
daily-log-dcrs,$.number_of_other_workers,integer,quantity,column:primary
daily-log-dcrs,$.other_hours,string,quantity,column:primary
daily-log-dcrs,$.permissions,object,other,structural
daily-log-dcrs,$.permissions.can_delete,boolean,other,sidecar:primary
daily-log-dcrs,$.permissions.can_update,boolean,other,sidecar:primary
daily-log-dcrs,$.position,integer,other,column:primary
daily-log-dcrs,$.related_items,array,other,sidecar:primary
daily-log-dcrs,$.status,string,status,column:primary
daily-log-dcrs,$.trade,object,other,structural
daily-log-dcrs,$.trade.active,boolean,other,sidecar:primary
daily-log-dcrs,$.trade.id,integer,identity,column:primary
daily-log-dcrs,$.trade.name,string,title,column:primary
daily-log-dcrs,$.trade.updated_at,string,date,column:primary
daily-log-dcrs,$.updated_at,string,date,column:primary
daily-log-dcrs,$.vendor,object,company,structural
daily-log-dcrs,$.vendor.id,integer,identity,column:primary
daily-log-dcrs,$.vendor.name,string,title,column:primary
daily-log-dcrs,$.veteran_hours,string,quantity,column:primary
daily-log-dcrs,$.women_hours,string,quantity,column:primary
daily-log-deliveries,$,object,other,structural
daily-log-deliveries,$.attachments,array,attachment,child:procore_ep_daily_log_deliveries_attachments
daily-log-deliveries,$.attachments[],object,attachment,structural
daily-log-deliveries,$.attachments[].content_type,string,other,column:$.attachments
daily-log-deliveries,$.attachments[].filename,string,attachment,column:$.attachments
daily-log-deliveries,$.attachments[].id,integer,identity,column:$.attachments
daily-log-deliveries,$.attachments[].name,string,title,column:$.attachments
daily-log-deliveries,$.attachments[].share_url,string,attachment,column:$.attachments
daily-log-deliveries,$.attachments[].url,string,attachment,column:$.attachments
daily-log-deliveries,$.attachments[].viewable_type,string,other,column:$.attachments
daily-log-deliveries,$.attachments[].viewable_url,string,attachment,column:$.attachments
daily-log-deliveries,$.comments,string,title,column:primary
daily-log-deliveries,$.contents,string,other,column:primary
daily-log-deliveries,$.created_at,string,date,column:primary
daily-log-deliveries,$.created_by,object,person,structural
daily-log-deliveries,$.created_by.id,integer,identity,column:primary
daily-log-deliveries,$.created_by.login,string,person,column:primary
daily-log-deliveries,$.created_by.name,string,title,column:primary
daily-log-deliveries,$.created_by_collaborator,boolean,person,column:primary
daily-log-deliveries,$.custom_fields,object,custom_field,structural
daily-log-deliveries,$.date,string,date,column:primary
daily-log-deliveries,$.datetime,string,other,column:primary
daily-log-deliveries,$.deleted_at,null,date,column:primary
daily-log-deliveries,$.delivery_from,string,other,column:primary
daily-log-deliveries,$.id,integer,identity,column:primary
daily-log-deliveries,$.location,null,other,column:primary
daily-log-deliveries,$.permissions,object,other,structural
daily-log-deliveries,$.permissions.can_delete,boolean,other,sidecar:primary
daily-log-deliveries,$.permissions.can_update,boolean,other,sidecar:primary
daily-log-deliveries,$.position,integer,other,column:primary
daily-log-deliveries,$.related_items,array,other,sidecar:primary
daily-log-deliveries,$.status,string,status,column:primary
daily-log-deliveries,$.time_hour,integer,quantity,column:primary
daily-log-deliveries,$.time_minute,integer,other,column:primary
daily-log-deliveries,$.tracking_number,string,identity,column:primary
daily-log-deliveries,$.updated_at,string,date,column:primary
daily-log-deliveries,$.vendor,null,company,column:primary
daily-log-inspections,$,object,other,structural
daily-log-inspections,$.area,string,other,column:primary
daily-log-inspections,$.attachments,array,attachment,child:procore_ep_daily_log_inspections_attachments
daily-log-inspections,$.attachments[],object,attachment,structural
daily-log-inspections,$.attachments[].content_type,string,other,column:$.attachments
daily-log-inspections,$.attachments[].filename,string,attachment,column:$.attachments
daily-log-inspections,$.attachments[].id,integer,identity,column:$.attachments
daily-log-inspections,$.attachments[].name,string,title,column:$.attachments
daily-log-inspections,$.attachments[].share_url,string,attachment,column:$.attachments
daily-log-inspections,$.attachments[].url,string,attachment,column:$.attachments
daily-log-inspections,$.attachments[].viewable_type,string,other,column:$.attachments
daily-log-inspections,$.attachments[].viewable_url,string,attachment,column:$.attachments
daily-log-inspections,$.comments,string,title,column:primary
daily-log-inspections,$.created_at,string,date,column:primary
daily-log-inspections,$.created_by,object,person,structural
daily-log-inspections,$.created_by.id,integer,identity,column:primary
daily-log-inspections,$.created_by.login,string,person,column:primary
daily-log-inspections,$.created_by.name,string,title,column:primary
daily-log-inspections,$.created_by_collaborator,boolean,person,column:primary
daily-log-inspections,$.custom_fields,object,custom_field,structural
daily-log-inspections,$.date,string,date,column:primary
daily-log-inspections,$.datetime,string,other,column:primary
daily-log-inspections,$.deleted_at,null,date,column:primary
daily-log-inspections,$.end_hour,integer,quantity,column:primary
daily-log-inspections,$.end_minute,integer,other,column:primary
daily-log-inspections,$.id,integer,identity,column:primary
daily-log-inspections,$.inspecting_entity,string,other,column:primary
daily-log-inspections,$.inspection_type,string,other,column:primary
daily-log-inspections,$.inspector_name,string,person,column:primary
daily-log-inspections,$.location,object,other,column:primary
daily-log-inspections,$.location.created_at,string,date,column:primary
daily-log-inspections,$.location.id,integer,identity,column:primary
daily-log-inspections,$.location.name,string,title,column:primary
daily-log-inspections,$.location.node_name,string,title,column:primary
daily-log-inspections,$.location.parent_id,integer,identity,column:primary
daily-log-inspections,$.location.updated_at,string,date,column:primary
daily-log-inspections,$.permissions,object,other,structural
daily-log-inspections,$.permissions.can_delete,boolean,other,sidecar:primary
daily-log-inspections,$.permissions.can_update,boolean,other,sidecar:primary
daily-log-inspections,$.position,integer,other,column:primary
daily-log-inspections,$.related_items,array,other,sidecar:primary
daily-log-inspections,$.start_hour,integer,quantity,column:primary
daily-log-inspections,$.start_minute,integer,other,column:primary
daily-log-inspections,$.status,string,status,column:primary
daily-log-inspections,$.updated_at,string,date,column:primary
daily-log-inspections,$.vendor,null,company,column:primary
daily-log-manpower,$,object,other,structural
daily-log-manpower,$.attachments,array,attachment,child:procore_ep_daily_log_manpower_attachments
daily-log-manpower,$.attachments[],object,attachment,structural
daily-log-manpower,$.attachments[].content_type,string,other,column:$.attachments
daily-log-manpower,$.attachments[].filename,string,attachment,column:$.attachments
daily-log-manpower,$.attachments[].id,integer,identity,column:$.attachments
daily-log-manpower,$.attachments[].name,string,title,column:$.attachments
daily-log-manpower,$.attachments[].share_url,string,attachment,column:$.attachments
daily-log-manpower,$.attachments[].url,string,attachment,column:$.attachments
daily-log-manpower,$.attachments[].viewable_type,string,other,column:$.attachments
daily-log-manpower,$.attachments[].viewable_url,string,attachment,column:$.attachments
daily-log-manpower,$.contact,object,person,column:primary
daily-log-manpower,$.contact.business_phone,string,other,sidecar:primary
daily-log-manpower,$.contact.business_phone_extension,null,other,sidecar:primary
daily-log-manpower,$.contact.email,string,person,column:primary
daily-log-manpower,$.contact.email_address,string,person,column:primary
daily-log-manpower,$.contact.fax_number,string,identity,column:primary
daily-log-manpower,$.contact.id,integer,identity,column:primary
daily-log-manpower,$.contact.job_title,null,title,column:primary
daily-log-manpower,$.contact.login_information_id,null,identity,column:primary
daily-log-manpower,$.contact.mobile_phone,null,other,sidecar:primary
daily-log-manpower,$.contact.name,string,title,column:primary
daily-log-manpower,$.contact.vendor_name,null,company,column:primary
daily-log-manpower,$.cost_code,object,identity,column:primary
daily-log-manpower,$.cost_code.id,integer,identity,column:primary
daily-log-manpower,$.cost_code.long_name,string,title,column:primary
daily-log-manpower,$.cost_code.name,string,title,column:primary
daily-log-manpower,$.created_at,string,date,column:primary
daily-log-manpower,$.created_by,object,person,structural
daily-log-manpower,$.created_by.id,integer,identity,column:primary
daily-log-manpower,$.created_by.login,string,person,column:primary
daily-log-manpower,$.created_by.name,string,title,column:primary
daily-log-manpower,$.created_by_collaborator,boolean,person,column:primary
daily-log-manpower,$.custom_fields,object,custom_field,structural
daily-log-manpower,$.date,string,date,column:primary
daily-log-manpower,$.datetime,string,other,column:primary
daily-log-manpower,$.deleted_at,null,date,column:primary
daily-log-manpower,$.id,integer,identity,column:primary
daily-log-manpower,$.location,object,other,column:primary
daily-log-manpower,$.location.created_at,string,date,column:primary
daily-log-manpower,$.location.id,integer,identity,column:primary
daily-log-manpower,$.location.name,string,title,column:primary
daily-log-manpower,$.location.node_name,string,title,column:primary
daily-log-manpower,$.location.parent_id,integer,identity,column:primary
daily-log-manpower,$.location.updated_at,string,date,column:primary
daily-log-manpower,$.man_hours,string,quantity,column:primary
daily-log-manpower,$.notes,string,title,column:primary
daily-log-manpower,$.num_hours,string,quantity,column:primary
daily-log-manpower,$.num_workers,integer,quantity,column:primary
daily-log-manpower,$.permissions,object,other,structural
daily-log-manpower,$.permissions.can_delete,boolean,other,sidecar:primary
daily-log-manpower,$.permissions.can_update,boolean,other,sidecar:primary
daily-log-manpower,$.position,integer,other,column:primary
daily-log-manpower,$.related_items,array,other,sidecar:primary
daily-log-manpower,$.status,string,status,column:primary
daily-log-manpower,$.trade,null,other,column:primary
daily-log-manpower,$.updated_at,string,date,column:primary
daily-log-manpower,$.vendor,object,company,structural
daily-log-manpower,$.vendor.id,integer,identity,column:primary
daily-log-manpower,$.vendor.name,string,title,column:primary
daily-log-notes,$,object,other,structural
daily-log-notes,$.attachments,array,attachment,child:procore_ep_daily_log_notes_attachments
daily-log-notes,$.attachments[],object,attachment,structural
daily-log-notes,$.attachments[].content_type,string,other,column:$.attachments
daily-log-notes,$.attachments[].filename,string,attachment,column:$.attachments
daily-log-notes,$.attachments[].id,integer,identity,column:$.attachments
daily-log-notes,$.attachments[].name,string,title,column:$.attachments
daily-log-notes,$.attachments[].share_url,string,attachment,column:$.attachments
daily-log-notes,$.attachments[].url,string,attachment,column:$.attachments
daily-log-notes,$.attachments[].viewable_type,string,other,column:$.attachments
daily-log-notes,$.attachments[].viewable_url,string,attachment,column:$.attachments
daily-log-notes,$.comment,string,title,column:primary
daily-log-notes,$.created_at,string,date,column:primary
daily-log-notes,$.created_by,object,person,structural
daily-log-notes,$.created_by.id,integer,identity,column:primary
daily-log-notes,$.created_by.login,string,person,column:primary
daily-log-notes,$.created_by.name,string,title,column:primary
daily-log-notes,$.created_by_collaborator,boolean,person,column:primary
daily-log-notes,$.custom_fields,object,custom_field,structural
daily-log-notes,$.daily_log_header_id,integer,identity,column:primary
daily-log-notes,$.date,string,date,column:primary
daily-log-notes,$.datetime,string,other,column:primary
daily-log-notes,$.deleted_at,null,date,column:primary
daily-log-notes,$.id,integer,identity,column:primary
daily-log-notes,$.is_issue_day,boolean,other,column:primary
daily-log-notes,$.location,object,other,column:primary
daily-log-notes,$.location.created_at,string,date,column:primary
daily-log-notes,$.location.id,integer,identity,column:primary
daily-log-notes,$.location.name,string,title,column:primary
daily-log-notes,$.location.node_name,string,title,column:primary
daily-log-notes,$.location.parent_id,integer,identity,column:primary
daily-log-notes,$.location.updated_at,string,date,column:primary
daily-log-notes,$.permissions,object,other,structural
daily-log-notes,$.permissions.can_delete,boolean,other,sidecar:primary
daily-log-notes,$.permissions.can_update,boolean,other,sidecar:primary
daily-log-notes,$.position,integer,other,column:primary
daily-log-notes,$.related_items,array,other,sidecar:primary
daily-log-notes,$.status,string,status,column:primary
daily-log-notes,$.updated_at,string,date,column:primary
daily-log-notes,$.vendor,null,company,column:primary
daily-log-visitor,$,object,other,structural
daily-log-visitor,$.attachments,array,attachment,sidecar:primary
daily-log-visitor,$.begin_hour,integer,quantity,column:primary
daily-log-visitor,$.begin_minute,integer,other,column:primary
daily-log-visitor,$.created_at,string,date,column:primary
daily-log-visitor,$.created_by,object,person,structural
daily-log-visitor,$.created_by.id,integer,identity,column:primary
daily-log-visitor,$.created_by.login,string,person,column:primary
daily-log-visitor,$.created_by.name,string,title,column:primary
daily-log-visitor,$.created_by_collaborator,boolean,person,column:primary
daily-log-visitor,$.custom_fields,object,custom_field,structural
daily-log-visitor,$.date,string,date,column:primary
daily-log-visitor,$.datetime,string,other,column:primary
daily-log-visitor,$.deleted_at,null,date,column:primary
daily-log-visitor,$.details,string,other,column:primary
daily-log-visitor,$.end_hour,integer,quantity,column:primary
daily-log-visitor,$.end_minute,integer,other,column:primary
daily-log-visitor,$.id,integer,identity,column:primary
daily-log-visitor,$.location,null,other,column:primary
daily-log-visitor,$.permissions,object,other,structural
daily-log-visitor,$.permissions.can_delete,boolean,other,sidecar:primary
daily-log-visitor,$.permissions.can_update,boolean,other,sidecar:primary
daily-log-visitor,$.position,integer,other,column:primary
daily-log-visitor,$.related_items,array,other,sidecar:primary
daily-log-visitor,$.status,string,status,column:primary
daily-log-visitor,$.subject,string,title,column:primary
daily-log-visitor,$.updated_at,string,date,column:primary
daily-log-visitor,$.vendor,null,company,column:primary
daily-log-weather,$,object,other,structural
daily-log-weather,$.attachments,array,attachment,sidecar:primary
daily-log-weather,$.average,string,other,column:primary
daily-log-weather,$.calamity,string,other,column:primary
daily-log-weather,$.comments,null,title,column:primary
daily-log-weather,$.created_at,string,date,column:primary
daily-log-weather,$.created_by,null,person,column:primary
daily-log-weather,$.created_by_collaborator,boolean,person,column:primary
daily-log-weather,$.custom_fields,object,custom_field,structural
daily-log-weather,$.daily_log_segment,null,cost_code,column:primary
daily-log-weather,$.daily_log_segment_id,null,identity,column:primary
daily-log-weather,$.date,string,date,column:primary
daily-log-weather,$.datetime,string,other,column:primary
daily-log-weather,$.deleted_at,null,date,column:primary
daily-log-weather,$.ground,string,other,column:primary
daily-log-weather,$.id,integer,identity,column:primary
daily-log-weather,$.is_weather_delay,null,other,column:primary
daily-log-weather,$.location,null,other,column:primary
daily-log-weather,$.permissions,object,other,structural
daily-log-weather,$.permissions.can_delete,boolean,other,sidecar:primary
daily-log-weather,$.permissions.can_update,boolean,other,sidecar:primary
daily-log-weather,$.position,integer,other,column:primary
daily-log-weather,$.precipitation,string,other,column:primary
daily-log-weather,$.sky,string,other,column:primary
daily-log-weather,$.status,string,status,column:primary
daily-log-weather,$.temperature,string,other,column:primary
daily-log-weather,$.time,string,other,column:primary
daily-log-weather,$.time_hour,integer,quantity,column:primary
daily-log-weather,$.time_minute,integer,other,column:primary
daily-log-weather,$.updated_at,string,date,column:primary
daily-log-weather,$.vendor,null,company,column:primary
daily-log-weather,$.wind,string,other,column:primary
inspection-items,$,object,other,structural
inspection-items,$.company_template_item_details,null,company,column:primary
inspection-items,$.details,string,other,column:primary
inspection-items,$.display_conditions,array,other,sidecar:primary
inspection-items,$.evidence_configuration,object,other,structural
inspection-items,$.evidence_configuration.created_at,string,date,column:primary
inspection-items,$.evidence_configuration.item_id,integer,identity,column:primary
inspection-items,$.evidence_configuration.observation,object,other,structural
inspection-items,$.evidence_configuration.observation.response_option_ids,array,other,sidecar:primary
inspection-items,$.evidence_configuration.observation.response_option_ids[],integer,other,structural
inspection-items,$.evidence_configuration.observation.status_ids,array,status,sidecar:primary
inspection-items,$.evidence_configuration.photo,object,attachment,structural
inspection-items,$.evidence_configuration.photo.response_option_ids,array,other,sidecar:primary
inspection-items,$.evidence_configuration.photo.status_ids,array,status,sidecar:primary
inspection-items,$.evidence_configuration.updated_at,string,date,column:primary
inspection-items,$.id,integer,identity,column:primary
inspection-items,$.item_reference_ids,array,other,sidecar:primary
inspection-items,$.item_response,object,other,column:primary
inspection-items,$.item_response.item_id,integer,identity,column:primary
inspection-items,$.item_response.item_type,object,other,structural
inspection-items,$.item_response.item_type.category,string,other,sidecar:primary
inspection-items,$.item_response.item_type.id,integer,identity,column:primary
inspection-items,$.item_response.item_type.name,string,title,column:primary
inspection-items,$.item_response.payload,object,other,structural
inspection-items,$.item_response.payload.number_value,string,money,column:primary
inspection-items,$.item_response.payload.response_option,object,other,structural
inspection-items,$.item_response.payload.response_option.id,integer,identity,column:primary
inspection-items,$.item_response.payload.response_option.name,string,title,column:primary
inspection-items,$.item_response.payload.text_value,string,money,column:primary
inspection-items,$.item_response.responded_at,string,date,column:primary
inspection-items,$.item_response.responder,object,other,structural
inspection-items,$.item_response.responder.id,integer,identity,column:primary
inspection-items,$.item_response.responder.login,string,person,column:primary
inspection-items,$.item_response.responder.name,string,title,column:primary
inspection-items,$.item_response.status,string,status,column:primary
inspection-items,$.list_id,integer,identity,column:primary
inspection-items,$.name,string,title,column:primary
inspection-items,$.number,string,identity,column:primary
inspection-items,$.parent_item_id,null,identity,column:primary
inspection-items,$.position,integer,other,column:primary
inspection-items,$.relative_position,integer,other,column:primary
inspection-items,$.responded_with,string,other,column:primary
inspection-items,$.response,object,other,column:primary
inspection-items,$.response.corresponding_status,string,status,column:primary
inspection-items,$.response.id,integer,identity,column:primary
inspection-items,$.response.name,string,title,column:primary
inspection-items,$.response_set,object,other,column:primary
inspection-items,$.response_set.active,boolean,other,sidecar:primary
inspection-items,$.response_set.created_at,string,date,column:primary
inspection-items,$.response_set.deletable,boolean,other,sidecar:primary
inspection-items,$.response_set.id,integer,identity,column:primary
inspection-items,$.response_set.name,string,title,column:primary
inspection-items,$.response_set.procore_standard,boolean,other,sidecar:primary
inspection-items,$.response_set.responses,array,other,child:procore_ep_inspection_items_response_set_responses
inspection-items,$.response_set.responses[],object,other,structural
inspection-items,$.response_set.responses[].id,integer,identity,column:$.response_set.responses
inspection-items,$.response_set.responses[].item_status_id,integer,identity,column:$.response_set.responses
inspection-items,$.response_set.responses[].name,string,title,column:$.response_set.responses
inspection-items,$.response_set.responses[].status,string,status,column:$.response_set.responses
inspection-items,$.response_set.updated_at,string,date,column:primary
inspection-items,$.section_id,integer,identity,column:primary
inspection-items,$.signature_request_ids,array,other,sidecar:primary
inspection-items,$.status,string,status,column:primary
inspection-items,$.template_item_id,integer,identity,column:primary
inspection-items,$.type,object,other,structural
inspection-items,$.type.category,string,other,sidecar:primary
inspection-items,$.type.id,integer,identity,column:primary
inspection-items,$.type.name,string,title,column:primary
inspection-items,$.updated_at,string,date,column:primary
inspection-sections,$,object,other,structural
inspection-sections,$.id,integer,identity,column:primary
inspection-sections,$.name,string,title,column:primary
inspection-sections,$.position,integer,other,column:primary
inspection-sections,$.template_section_id,integer,identity,column:primary
inspection-sections,$.updated_at,string,date,column:primary
inspections,$,object,other,structural
inspections,$.asset_ids,array,other,sidecar:primary
inspections,$.attachments,array,attachment,child:procore_ep_inspections_attachments
inspections,$.attachments[],object,attachment,structural
inspections,$.attachments[].attached_to_item_id,integer,identity,column:$.attachments
inspections,$.attachments[].attached_to_item_type,string,other,column:$.attachments
inspections,$.attachments[].content_type,string,other,column:$.attachments
inspections,$.attachments[].filename,string,attachment,column:$.attachments
inspections,$.attachments[].id,integer,identity,column:$.attachments
inspections,$.attachments[].name,string,title,column:$.attachments
inspections,$.attachments[].thumbnail_url,string,attachment,column:$.attachments
inspections,$.attachments[].url,string,attachment,column:$.attachments
inspections,$.attachments[].viewable_document_id,integer,identity,column:$.attachments
inspections,$.attachments[].viewer_url,string,attachment,column:$.attachments
inspections,$.closed_at,string,date,column:primary
inspections,$.closed_by,object,status,column:primary
inspections,$.closed_by.company_name,string,company,column:primary
inspections,$.closed_by.id,integer,identity,column:primary
inspections,$.closed_by.login,string,person,column:primary
inspections,$.closed_by.name,string,title,column:primary
inspections,$.closed_observations_count,integer,quantity,column:primary
inspections,$.conforming_item_count,integer,quantity,column:primary
inspections,$.created_at,string,date,column:primary
inspections,$.created_by,object,person,structural
inspections,$.created_by.company_name,string,company,column:primary
inspections,$.created_by.id,integer,identity,column:primary
inspections,$.created_by.login,string,person,column:primary
inspections,$.created_by.name,string,title,column:primary
inspections,$.current_drawing_revision_ids,array,other,sidecar:primary
inspections,$.custom_fields,object,custom_field,structural
inspections,$.default_response_phrasing,object,other,structural
inspections,$.default_response_phrasing.conforming_response,string,other,sidecar:primary
inspections,$.default_response_phrasing.deficient_response,string,other,sidecar:primary
inspections,$.default_response_phrasing.global,boolean,other,sidecar:primary
inspections,$.deficient_item_count,integer,quantity,column:primary
inspections,$.deleted,boolean,status,column:primary
inspections,$.description,string,title,column:primary
inspections,$.distribution_members,array,person,child:procore_ep_inspections_distribution_members
inspections,$.distribution_members[],object,person,structural
inspections,$.distribution_members[].company_name,string,company,column:$.distribution_members
inspections,$.distribution_members[].id,integer,identity,column:$.distribution_members
inspections,$.distribution_members[].login,string,person,column:$.distribution_members
inspections,$.distribution_members[].name,string,title,column:$.distribution_members
inspections,$.drawing_ids,array,other,sidecar:primary
inspections,$.due_at,string,date,column:primary
inspections,$.equipment,null,other,column:primary
inspections,$.equipment_id,null,identity,column:primary
inspections,$.id,integer,identity,column:primary
inspections,$.identifier,string,other,column:primary
inspections,$.inspected_item_count,integer,quantity,column:primary
inspections,$.inspection_date,string,date,column:primary
inspections,$.inspection_type,object,other,structural
inspections,$.inspection_type.created_at,string,date,column:primary
inspections,$.inspection_type.grouping,null,other,sidecar:primary
inspections,$.inspection_type.id,integer,identity,column:primary
inspections,$.inspection_type.name,string,title,column:primary
inspections,$.inspection_type.updated_at,string,date,column:primary
inspections,$.inspectors,array,person,child:procore_ep_inspections_inspectors
inspections,$.inspectors[],object,person,structural
inspections,$.inspectors[].company_name,string,company,column:$.inspectors
inspections,$.inspectors[].id,integer,identity,column:$.inspectors
inspections,$.inspectors[].login,string,person,column:$.inspectors
inspections,$.inspectors[].name,string,title,column:$.inspectors
inspections,$.item_count,integer,quantity,column:primary
inspections,$.list_template_id,integer,identity,column:primary
inspections,$.list_template_name,string,title,column:primary
inspections,$.location,object,other,column:primary
inspections,$.location.code,null,identity,column:primary
inspections,$.location.created_at,string,date,column:primary
inspections,$.location.id,integer,identity,column:primary
inspections,$.location.name,string,title,column:primary
inspections,$.location.node_name,string,title,column:primary
inspections,$.location.parent_id,integer,identity,column:primary
inspections,$.location.updated_at,string,date,column:primary
inspections,$.managed_equipment_id,null,identity,column:primary
inspections,$.name,string,title,column:primary
inspections,$.neutral_item_count,integer,quantity,column:primary
inspections,$.not_applicable_item_count,integer,quantity,column:primary
inspections,$.number,integer,identity,column:primary
inspections,$.observations_count,integer,quantity,column:primary
inspections,$.overdue,boolean,date,column:primary
inspections,$.point_of_contact,object,person,column:primary
inspections,$.point_of_contact.company_name,string,company,column:primary
inspections,$.point_of_contact.id,integer,identity,column:primary
inspections,$.point_of_contact.login,string,person,column:primary
inspections,$.point_of_contact.name,string,title,column:primary
inspections,$.private,boolean,status,column:primary
inspections,$.reinspected_by_id,null,identity,column:primary
inspections,$.reinspected_from_id,null,identity,column:primary
inspections,$.respondable_item_count,integer,quantity,column:primary
inspections,$.responsible_contractor,object,person,column:primary
inspections,$.responsible_contractor.id,integer,identity,column:primary
inspections,$.responsible_contractor.name,string,title,column:primary
inspections,$.schedule,null,other,column:primary
inspections,$.signature_requests,array,other,child:procore_ep_inspections_signature_requests
inspections,$.signature_requests[],object,other,structural
inspections,$.signature_requests[].id,integer,identity,column:$.signature_requests
inspections,$.signature_requests[].signatory,object,other,structural
inspections,$.signature_requests[].signatory.company_name,string,company,column:$.signature_requests
inspections,$.signature_requests[].signatory.id,integer,identity,column:$.signature_requests
inspections,$.signature_requests[].signatory.login,string,person,column:$.signature_requests
inspections,$.signature_requests[].signatory.name,string,title,column:$.signature_requests
inspections,$.signature_requests[].signature,object,other,column:$.signature_requests
inspections,$.signature_requests[].signature.attachment,object,attachment,structural
inspections,$.signature_requests[].signature.attachment.id,integer,identity,column:$.signature_requests
inspections,$.signature_requests[].signature.attachment.name,string,title,column:$.signature_requests
inspections,$.signature_requests[].signature.attachment.url,string,attachment,sidecar:child:$.signature_requests
inspections,$.signature_requests[].signature.captured_at,string,date,column:$.signature_requests
inspections,$.signature_requests[].signature.captured_by,object,other,structural
inspections,$.signature_requests[].signature.captured_by.id,integer,identity,column:$.signature_requests
inspections,$.signature_requests[].signature.captured_by.login,string,person,column:$.signature_requests
inspections,$.signature_requests[].signature.captured_by.name,string,title,column:$.signature_requests
inspections,$.signature_requests[].signature.id,integer,identity,column:$.signature_requests
inspections,$.specification_section,object,other,column:primary
inspections,$.specification_section.description,string,title,column:primary
inspections,$.specification_section.id,integer,identity,column:primary
inspections,$.specification_section.latest_revision_url,null,attachment,sidecar:primary
inspections,$.specification_section.section,string,other,sidecar:primary
inspections,$.status,string,status,column:primary
inspections,$.template_id,integer,identity,column:primary
inspections,$.trade,object,other,column:primary
inspections,$.trade.active,boolean,other,sidecar:primary
inspections,$.trade.id,integer,identity,column:primary
inspections,$.trade.name,string,title,column:primary
inspections,$.trade.updated_at,string,date,column:primary
inspections,$.updated_at,string,date,column:primary
meetings,$,object,other,structural
meetings,$.created_at,string,date,column:primary
meetings,$.created_by_id,integer,identity,column:primary
meetings,$.description,string,title,column:primary
meetings,$.distributed_at,string,date,column:primary
meetings,$.distributed_by,object,other,column:primary
meetings,$.distributed_by.id,integer,identity,column:primary
meetings,$.distributed_by.login,string,person,column:primary
meetings,$.distributed_by.name,string,title,column:primary
meetings,$.ends_at,string,date,column:primary
meetings,$.id,integer,identity,column:primary
meetings,$.is_private,boolean,status,column:primary
meetings,$.last_distributed_event,string,other,column:primary
meetings,$.location,string,other,column:primary
meetings,$.meeting_template_id,null,identity,column:primary
meetings,$.meeting_topics_count,integer,quantity,column:primary
meetings,$.mode,string,other,column:primary
meetings,$.occurred,boolean,other,column:primary
meetings,$.parent_id,integer,identity,column:primary
meetings,$.position,integer,other,column:primary
meetings,$.starts_at,string,date,column:primary
meetings,$.title,string,title,column:primary
meetings,$.updated_at,string,date,column:primary
observations,$,object,other,structural
observations,$.assignee,object,person,column:primary
observations,$.assignee.id,integer,identity,column:primary
observations,$.assignee.name,string,title,column:primary
observations,$.assignee.vendor,object,company,column:primary
observations,$.assignee.vendor.id,integer,identity,column:primary
observations,$.assignee.vendor.name,string,title,column:primary
observations,$.assignees,array,person,child:procore_ep_observations_assignees
observations,$.assignees[],object,person,structural
observations,$.assignees[].id,integer,identity,column:$.assignees
observations,$.assignees[].name,string,title,column:$.assignees
observations,$.assignees[].vendor,object,company,column:$.assignees
observations,$.assignees[].vendor.id,integer,identity,column:$.assignees
observations,$.assignees[].vendor.name,string,title,column:$.assignees
observations,$.category,object,other,structural
observations,$.category.grouping,null,other,sidecar:primary
observations,$.category.name,string,title,column:primary
observations,$.closed_at,string,date,column:primary
observations,$.created_at,string,date,column:primary
observations,$.created_by,object,person,structural
observations,$.created_by.company_name,string,company,column:primary
observations,$.created_by.id,integer,identity,column:primary
observations,$.created_by.login,string,person,column:primary
observations,$.created_by.name,string,title,column:primary
observations,$.custom_fields,object,custom_field,structural
observations,$.date_notified,string,other,column:primary
observations,$.deleted_at,null,date,column:primary
observations,$.description,string,title,column:primary
observations,$.description_rich_text,string,title,column:primary
observations,$.due_date,string,date,column:primary
observations,$.id,integer,identity,column:primary
observations,$.location,object,other,column:primary
observations,$.location.created_at,string,date,column:primary
observations,$.location.id,integer,identity,column:primary
observations,$.location.name,string,title,column:primary
observations,$.location.node_name,string,title,column:primary
observations,$.location.parent_id,integer,identity,column:primary
observations,$.location.updated_at,string,date,column:primary
observations,$.name,string,title,column:primary
observations,$.number,string,identity,column:primary
observations,$.origin,object,other,column:primary
observations,$.origin.payload,object,other,structural
observations,$.origin.payload.checklist_item_id,integer,identity,column:primary
observations,$.origin.payload.checklist_list_id,integer,identity,column:primary
observations,$.origin.type,string,other,sidecar:primary
observations,$.permissions,null,other,column:primary
observations,$.personal,boolean,other,column:primary
observations,$.priority,string,other,column:primary
observations,$.specification_section,object,other,column:primary
observations,$.specification_section.current_revision_id,integer,identity,column:primary
observations,$.specification_section.description,string,title,column:primary
observations,$.specification_section.id,integer,identity,column:primary
observations,$.specification_section.latest_revision_url,null,attachment,sidecar:primary
observations,$.specification_section.number,string,identity,column:primary
observations,$.specification_section.viewable_document_id,null,identity,column:primary
observations,$.status,string,status,column:primary
observations,$.trade,object,other,column:primary
observations,$.trade.active,boolean,other,sidecar:primary
observations,$.trade.id,integer,identity,column:primary
observations,$.trade.name,string,title,column:primary
observations,$.trade.updated_at,string,date,column:primary
observations,$.type,object,other,structural
observations,$.type.active,boolean,other,sidecar:primary
observations,$.type.category,string,other,sidecar:primary
observations,$.type.category_key,string,other,sidecar:primary
observations,$.type.company_active,boolean,company,column:primary
observations,$.type.id,integer,identity,column:primary
observations,$.type.in_use,boolean,other,sidecar:primary
observations,$.type.kind,string,other,sidecar:primary
observations,$.type.localized_name,string,title,column:primary
observations,$.type.name,string,title,column:primary
observations,$.type.name_translations,null,title,column:primary
observations,$.type.observations_category,object,other,structural
observations,$.type.observations_category.grouping,null,other,sidecar:primary
observations,$.type.observations_category.id,integer,identity,column:primary
observations,$.type.observations_category.name,string,title,column:primary
observations,$.type.observations_category.updated_at,string,date,column:primary
observations,$.type.parent_inactive,boolean,other,sidecar:primary
observations,$.updated_at,string,date,column:primary
prime-change-order-line-items,$,object,other,structural
prime-change-order-line-items,$.amount,string,money,column:primary
prime-change-order-line-items,$.description,string,title,column:primary
prime-change-order-line-items,$.extended_type,string,other,column:primary
prime-change-order-line-items,$.funding_rule_id,null,identity,column:primary
prime-change-order-line-items,$.id,string,identity,column:primary
prime-change-order-line-items,$.position,integer,other,column:primary
prime-change-order-line-items,$.prime_line_item_id,string,identity,column:primary
prime-change-order-line-items,$.quantity,string,quantity,column:primary
prime-change-order-line-items,$.tax_code_id,null,identity,column:primary
prime-change-order-line-items,$.unit_cost,string,money,column:primary
prime-change-order-line-items,$.wbs_code,object,identity,structural
prime-change-order-line-items,$.wbs_code.description,string,title,column:primary
prime-change-order-line-items,$.wbs_code.flat_code,string,identity,column:primary
prime-change-order-line-items,$.wbs_code.id,string,identity,column:primary
prime-change-order-line-items,$.wbs_code_id,string,identity,column:primary
prime-change-orders,$,object,other,structural
prime-change-orders,$.batch_id,integer,identity,column:primary
prime-change-orders,$.billing_schedule_of_values_status,string,money,column:primary
prime-change-orders,$.change_order_change_reason,object,title,column:primary
prime-change-orders,$.change_order_change_reason.change_reason,string,title,column:primary
prime-change-orders,$.change_order_change_reason.id,integer,identity,column:primary
prime-change-orders,$.contract_id,integer,identity,column:primary
prime-change-orders,$.created_at,string,date,column:primary
prime-change-orders,$.created_by,object,person,structural
prime-change-orders,$.created_by.id,integer,identity,column:primary
prime-change-orders,$.created_by.name,string,title,column:primary
prime-change-orders,$.currency_configuration,object,money,structural
prime-change-orders,$.currency_configuration.currency_iso_code,null,identity,column:primary
prime-change-orders,$.custom_fields,object,custom_field,structural
prime-change-orders,$.description,string,title,column:primary
prime-change-orders,$.designated_reviewer,object,status,column:primary
prime-change-orders,$.designated_reviewer.id,integer,identity,column:primary
prime-change-orders,$.designated_reviewer.name,string,title,column:primary
prime-change-orders,$.due_date,null,date,column:primary
prime-change-orders,$.enable_ssov,boolean,other,column:primary
prime-change-orders,$.executed,boolean,status,column:primary
prime-change-orders,$.field_change,boolean,other,column:primary
prime-change-orders,$.grand_total,string,money,column:primary
prime-change-orders,$.id,integer,identity,column:primary
prime-change-orders,$.invoiced_date,null,date,column:primary
prime-change-orders,$.legacy_package_id,integer,identity,column:primary
prime-change-orders,$.legacy_request_id,integer,identity,column:primary
prime-change-orders,$.location_id,integer,identity,column:primary
prime-change-orders,$.number,string,identity,column:primary
prime-change-orders,$.paid,boolean,money,column:primary
prime-change-orders,$.paid_date,null,date,column:primary
prime-change-orders,$.private,boolean,status,column:primary
prime-change-orders,$.received_from,object,other,column:primary
prime-change-orders,$.received_from.id,integer,identity,column:primary
prime-change-orders,$.received_from.name,string,title,column:primary
prime-change-orders,$.reference,string,other,column:primary
prime-change-orders,$.reviewed_at,string,date,column:primary
prime-change-orders,$.reviewed_by,null,status,column:primary
prime-change-orders,$.revised_substantial_completion_date,null,date,column:primary
prime-change-orders,$.revision,integer,other,column:primary
prime-change-orders,$.schedule_impact_amount,integer,money,column:primary
prime-change-orders,$.signature_required,boolean,other,column:primary
prime-change-orders,$.signed_change_order_received_date,null,date,column:primary
prime-change-orders,$.status,string,status,column:primary
prime-change-orders,$.title,string,title,column:primary
prime-change-orders,$.type,string,other,column:primary
prime-change-orders,$.updated_at,string,date,column:primary
prime-contract-line-items,$,object,other,structural
prime-contract-line-items,$.amount,string,money,column:primary
prime-contract-line-items,$.description,string,title,column:primary
prime-contract-line-items,$.funding_rule_id,null,identity,column:primary
prime-contract-line-items,$.id,string,identity,column:primary
prime-contract-line-items,$.line_item_group_id,null,identity,column:primary
prime-contract-line-items,$.position,integer,other,column:primary
prime-contract-line-items,$.tax_code_id,null,identity,column:primary
prime-contract-line-items,$.wbs_code,object,identity,structural
prime-contract-line-items,$.wbs_code.description,string,title,column:primary
prime-contract-line-items,$.wbs_code.flat_code,string,identity,column:primary
prime-contract-line-items,$.wbs_code.id,string,identity,column:primary
prime-contract-line-items,$.wbs_code_id,string,identity,column:primary
prime-contracts,$,object,other,structural
prime-contracts,$.accounting_method,string,other,column:primary
prime-contracts,$.actual_completion_date,null,date,column:primary
prime-contracts,$.approval_letter_date,null,date,column:primary
prime-contracts,$.approved_change_orders,string,status,column:primary
prime-contracts,$.architect,object,other,column:primary
prime-contracts,$.architect.id,integer,identity,column:primary
prime-contracts,$.architect.login,string,person,column:primary
prime-contracts,$.architect.name,string,title,column:primary
prime-contracts,$.attachments,array,attachment,sidecar:primary
prime-contracts,$.contract_date,null,date,column:primary
prime-contracts,$.contract_estimated_completion_date,null,date,column:primary
prime-contracts,$.contract_start_date,null,date,column:primary
prime-contracts,$.contract_termination_date,null,date,column:primary
prime-contracts,$.contractor,object,company,structural
prime-contracts,$.contractor.abbreviated_name,null,title,column:primary
prime-contracts,$.contractor.address,string,other,sidecar:primary
prime-contracts,$.contractor.attachments,array,attachment,sidecar:primary
prime-contracts,$.contractor.authorized_bidder,boolean,person,column:primary
prime-contracts,$.contractor.business_phone,string,other,sidecar:primary
prime-contracts,$.contractor.business_register,null,other,sidecar:primary
prime-contracts,$.contractor.city,string,other,sidecar:primary
prime-contracts,$.contractor.company,string,company,column:primary
prime-contracts,$.contractor.connected_to_company_id,null,identity,column:primary
prime-contracts,$.contractor.country_code,string,identity,column:primary
prime-contracts,$.contractor.created_at,string,date,column:primary
prime-contracts,$.contractor.email_address,string,person,column:primary
prime-contracts,$.contractor.fax_number,string,identity,column:primary
prime-contracts,$.contractor.id,integer,identity,column:primary
prime-contracts,$.contractor.is_active,boolean,other,sidecar:primary
prime-contracts,$.contractor.is_connected,boolean,other,sidecar:primary
prime-contracts,$.contractor.labor_union,string,other,sidecar:primary
prime-contracts,$.contractor.license_number,string,identity,column:primary
prime-contracts,$.contractor.logo,string,other,sidecar:primary
prime-contracts,$.contractor.mobile_phone,null,other,sidecar:primary
prime-contracts,$.contractor.name,string,title,column:primary
prime-contracts,$.contractor.non_union_prevailing_wage,boolean,other,sidecar:primary
prime-contracts,$.contractor.notes,null,title,column:primary
prime-contracts,$.contractor.origin_code,string,identity,column:primary
prime-contracts,$.contractor.origin_data,null,other,sidecar:primary
prime-contracts,$.contractor.origin_id,string,identity,column:primary
prime-contracts,$.contractor.prequalified,boolean,other,sidecar:primary
prime-contracts,$.contractor.primary_contact,null,person,column:primary
prime-contracts,$.contractor.project_ids,array,other,sidecar:primary
prime-contracts,$.contractor.project_ids[],integer,other,structural
prime-contracts,$.contractor.state_code,string,identity,column:primary
prime-contracts,$.contractor.union_member,boolean,person,column:primary
prime-contracts,$.contractor.updated_at,string,date,column:primary
prime-contracts,$.contractor.uuid,string,identity,column:primary
prime-contracts,$.contractor.vendor_group,null,company,column:primary
prime-contracts,$.contractor.website,string,other,sidecar:primary
prime-contracts,$.contractor.zip,string,other,sidecar:primary
prime-contracts,$.created_at,string,date,column:primary
prime-contracts,$.created_by,object,person,structural
prime-contracts,$.created_by.id,integer,identity,column:primary
prime-contracts,$.created_by.login,string,person,column:primary
prime-contracts,$.created_by.name,string,title,column:primary
prime-contracts,$.currency_configuration,object,money,structural
prime-contracts,$.currency_configuration.currency_iso_code,null,identity,column:primary
prime-contracts,$.custom_fields,object,custom_field,structural
prime-contracts,$.deleted_at,null,date,column:primary
prime-contracts,$.description,string,title,column:primary
prime-contracts,$.draft_change_orders_amount,string,money,column:primary
prime-contracts,$.exclusions,null,other,column:primary
prime-contracts,$.executed,boolean,status,column:primary
prime-contracts,$.execution_date,null,date,column:primary
prime-contracts,$.grand_total,string,money,column:primary
prime-contracts,$.has_change_order_packages,boolean,other,column:primary
prime-contracts,$.has_potential_change_orders,boolean,other,column:primary
prime-contracts,$.id,integer,identity,column:primary
prime-contracts,$.inclusions,null,other,column:primary
prime-contracts,$.issued_on_date,null,date,column:primary
prime-contracts,$.letter_of_intent_date,null,date,column:primary
prime-contracts,$.number,string,identity,column:primary
prime-contracts,$.origin_code,null,identity,column:primary
prime-contracts,$.origin_data,string,other,column:primary
prime-contracts,$.origin_id,string,identity,column:primary
prime-contracts,$.original_substantial_completion_date,null,date,column:primary
prime-contracts,$.outstanding_balance,string,money,column:primary
prime-contracts,$.owner_invoices_amount,string,money,column:primary
prime-contracts,$.pending_change_orders_amount,string,money,column:primary
prime-contracts,$.pending_revised_contract_amount,string,money,column:primary
prime-contracts,$.percentage_paid,string,money,column:primary
prime-contracts,$.private,boolean,status,column:primary
prime-contracts,$.retainage_percent,string,money,column:primary
prime-contracts,$.returned_date,null,date,column:primary
prime-contracts,$.revised_contract_amount,string,money,column:primary
prime-contracts,$.show_line_items_to_non_admins,null,other,column:primary
prime-contracts,$.signed_contract_received_date,null,date,column:primary
prime-contracts,$.status,string,status,column:primary
prime-contracts,$.substantial_completion_date,null,date,column:primary
prime-contracts,$.title,string,title,column:primary
prime-contracts,$.total_payments,string,money,column:primary
prime-contracts,$.updated_at,string,date,column:primary
prime-contracts,$.vendor,object,company,structural
prime-contracts,$.vendor.abbreviated_name,null,title,column:primary
prime-contracts,$.vendor.address,string,other,sidecar:primary
prime-contracts,$.vendor.attachments,array,attachment,sidecar:primary
prime-contracts,$.vendor.authorized_bidder,boolean,person,column:primary
prime-contracts,$.vendor.business_phone,string,other,sidecar:primary
prime-contracts,$.vendor.business_register,null,other,sidecar:primary
prime-contracts,$.vendor.city,string,other,sidecar:primary
prime-contracts,$.vendor.company,string,company,column:primary
prime-contracts,$.vendor.connected_to_company_id,null,identity,column:primary
prime-contracts,$.vendor.country_code,string,identity,column:primary
prime-contracts,$.vendor.created_at,string,date,column:primary
prime-contracts,$.vendor.email_address,string,person,column:primary
prime-contracts,$.vendor.fax_number,null,identity,column:primary
prime-contracts,$.vendor.id,integer,identity,column:primary
prime-contracts,$.vendor.is_active,boolean,other,sidecar:primary
prime-contracts,$.vendor.is_connected,boolean,other,sidecar:primary
prime-contracts,$.vendor.labor_union,string,other,sidecar:primary
prime-contracts,$.vendor.license_number,string,identity,column:primary
prime-contracts,$.vendor.logo,null,other,sidecar:primary
prime-contracts,$.vendor.mobile_phone,null,other,sidecar:primary
prime-contracts,$.vendor.name,string,title,column:primary
prime-contracts,$.vendor.non_union_prevailing_wage,boolean,other,sidecar:primary
prime-contracts,$.vendor.notes,null,title,column:primary
prime-contracts,$.vendor.origin_code,null,identity,column:primary
prime-contracts,$.vendor.origin_data,null,other,sidecar:primary
prime-contracts,$.vendor.origin_id,null,identity,column:primary
prime-contracts,$.vendor.prequalified,boolean,other,sidecar:primary
prime-contracts,$.vendor.primary_contact,null,person,column:primary
prime-contracts,$.vendor.project_ids,array,other,sidecar:primary
prime-contracts,$.vendor.project_ids[],integer,other,structural
prime-contracts,$.vendor.state_code,string,identity,column:primary
prime-contracts,$.vendor.union_member,boolean,person,column:primary
prime-contracts,$.vendor.updated_at,string,date,column:primary
prime-contracts,$.vendor.uuid,string,identity,column:primary
prime-contracts,$.vendor.vendor_group,null,company,column:primary
prime-contracts,$.vendor.website,string,other,sidecar:primary
prime-contracts,$.vendor.zip,string,other,sidecar:primary
projects,$,object,other,structural
projects,$.accounting_project_number,string,identity,column:primary
projects,$.active,boolean,other,column:primary
projects,$.address,string,other,column:primary
projects,$.city,string,other,column:primary
projects,$.company,object,company,structural
projects,$.company.id,integer,identity,column:primary
projects,$.company.name,string,title,column:primary
projects,$.completion_date,string,date,column:primary
projects,$.country_code,string,identity,column:primary
projects,$.county,string,other,column:primary
projects,$.created_at,string,date,column:primary
projects,$.created_by,object,person,structural
projects,$.created_by.id,integer,identity,column:primary
projects,$.created_by.login,string,person,column:primary
projects,$.created_by.name,string,title,column:primary
projects,$.custom_fields,object,custom_field,structural
projects,$.custom_fields.custom_field_163286,object,custom_field,structural
projects,$.custom_fields.custom_field_163286.data_type,string,other,sidecar:primary
projects,$.custom_fields.custom_field_163286.value,string,money,column:primary
projects,$.custom_fields.custom_field_163287,object,custom_field,structural
projects,$.custom_fields.custom_field_163287.data_type,string,other,sidecar:primary
projects,$.custom_fields.custom_field_163287.value,array,money,child:procore_ep_projects_custom_fields_custom_field_163287_value
projects,$.custom_fields.custom_field_163287.value[],object,money,structural
projects,$.custom_fields.custom_field_163287.value[].id,integer,identity,column:$.custom_fields.custom_field_163287.value
projects,$.custom_fields.custom_field_163287.value[].label,string,title,column:$.custom_fields.custom_field_163287.value
projects,$.custom_fields.custom_field_163287.value[].url,string,attachment,column:$.custom_fields.custom_field_163287.value
projects,$.custom_fields.custom_field_163288,object,custom_field,structural
projects,$.custom_fields.custom_field_163288.data_type,string,other,sidecar:primary
projects,$.custom_fields.custom_field_163288.value,boolean,money,column:primary
projects,$.custom_fields.custom_field_163289,object,custom_field,structural
projects,$.custom_fields.custom_field_163289.data_type,string,other,sidecar:primary
projects,$.custom_fields.custom_field_163289.value,string,money,column:primary
projects,$.custom_fields.custom_field_163290,object,custom_field,structural
projects,$.custom_fields.custom_field_163290.data_type,string,other,sidecar:primary
projects,$.custom_fields.custom_field_163290.value,array,money,child:procore_ep_projects_custom_fields_custom_field_163290_value
projects,$.custom_fields.custom_field_163290.value[],object,money,structural
projects,$.custom_fields.custom_field_163290.value[].id,integer,identity,column:$.custom_fields.custom_field_163290.value
projects,$.custom_fields.custom_field_163290.value[].label,string,title,column:$.custom_fields.custom_field_163290.value
projects,$.custom_fields.custom_field_163290.value[].url,string,attachment,column:$.custom_fields.custom_field_163290.value
projects,$.custom_fields.custom_field_163291,object,custom_field,structural
projects,$.custom_fields.custom_field_163291.data_type,string,other,sidecar:primary
projects,$.custom_fields.custom_field_163291.value,boolean,money,column:primary
projects,$.custom_fields.custom_field_163292,object,custom_field,structural
projects,$.custom_fields.custom_field_163292.data_type,string,other,sidecar:primary
projects,$.custom_fields.custom_field_163292.value,string,money,column:primary
projects,$.custom_fields.custom_field_163293,object,custom_field,structural
projects,$.custom_fields.custom_field_163293.data_type,string,other,sidecar:primary
projects,$.custom_fields.custom_field_163293.value,array,money,child:procore_ep_projects_custom_fields_custom_field_163293_value
projects,$.custom_fields.custom_field_163293.value[],object,money,structural
projects,$.custom_fields.custom_field_163293.value[].id,integer,identity,column:$.custom_fields.custom_field_163293.value
projects,$.custom_fields.custom_field_163293.value[].label,string,title,column:$.custom_fields.custom_field_163293.value
projects,$.custom_fields.custom_field_163293.value[].url,string,attachment,column:$.custom_fields.custom_field_163293.value
projects,$.custom_fields.custom_field_163294,object,custom_field,structural
projects,$.custom_fields.custom_field_163294.data_type,string,other,sidecar:primary
projects,$.custom_fields.custom_field_163294.value,boolean,money,column:primary
projects,$.custom_fields.custom_field_163295,object,custom_field,structural
projects,$.custom_fields.custom_field_163295.data_type,string,other,sidecar:primary
projects,$.custom_fields.custom_field_163295.value,string,money,column:primary
projects,$.custom_fields.custom_field_163296,object,custom_field,structural
projects,$.custom_fields.custom_field_163296.data_type,string,other,sidecar:primary
projects,$.custom_fields.custom_field_163296.value,array,money,child:procore_ep_projects_custom_fields_custom_field_163296_value
projects,$.custom_fields.custom_field_163296.value[],object,money,structural
projects,$.custom_fields.custom_field_163296.value[].id,integer,identity,column:$.custom_fields.custom_field_163296.value
projects,$.custom_fields.custom_field_163296.value[].label,string,title,column:$.custom_fields.custom_field_163296.value
projects,$.custom_fields.custom_field_163296.value[].url,string,attachment,column:$.custom_fields.custom_field_163296.value
projects,$.custom_fields.custom_field_163297,object,custom_field,structural
projects,$.custom_fields.custom_field_163297.data_type,string,other,sidecar:primary
projects,$.custom_fields.custom_field_163297.value,boolean,money,column:primary
projects,$.custom_fields.custom_field_163298,object,custom_field,structural
projects,$.custom_fields.custom_field_163298.data_type,string,other,sidecar:primary
projects,$.custom_fields.custom_field_163298.value,string,money,column:primary
projects,$.custom_fields.custom_field_163299,object,custom_field,structural
projects,$.custom_fields.custom_field_163299.data_type,string,other,sidecar:primary
projects,$.custom_fields.custom_field_163299.value,array,money,child:procore_ep_projects_custom_fields_custom_field_163299_value
projects,$.custom_fields.custom_field_163299.value[],object,money,structural
projects,$.custom_fields.custom_field_163299.value[].id,integer,identity,column:$.custom_fields.custom_field_163299.value
projects,$.custom_fields.custom_field_163299.value[].label,string,title,column:$.custom_fields.custom_field_163299.value
projects,$.custom_fields.custom_field_163299.value[].url,string,attachment,column:$.custom_fields.custom_field_163299.value
projects,$.custom_fields.custom_field_163300,object,custom_field,structural
projects,$.custom_fields.custom_field_163300.data_type,string,other,sidecar:primary
projects,$.custom_fields.custom_field_163300.value,boolean,money,column:primary
projects,$.custom_fields.custom_field_163301,object,custom_field,structural
projects,$.custom_fields.custom_field_163301.data_type,string,other,sidecar:primary
projects,$.custom_fields.custom_field_163301.value,string,money,column:primary
projects,$.custom_fields.custom_field_163302,object,custom_field,structural
projects,$.custom_fields.custom_field_163302.data_type,string,other,sidecar:primary
projects,$.custom_fields.custom_field_163302.value,array,money,child:procore_ep_projects_custom_fields_custom_field_163302_value
projects,$.custom_fields.custom_field_163302.value[],object,money,structural
projects,$.custom_fields.custom_field_163302.value[].id,integer,identity,column:$.custom_fields.custom_field_163302.value
projects,$.custom_fields.custom_field_163302.value[].label,string,title,column:$.custom_fields.custom_field_163302.value
projects,$.custom_fields.custom_field_163302.value[].url,string,attachment,column:$.custom_fields.custom_field_163302.value
projects,$.custom_fields.custom_field_163303,object,custom_field,structural
projects,$.custom_fields.custom_field_163303.data_type,string,other,sidecar:primary
projects,$.custom_fields.custom_field_163303.value,boolean,money,column:primary
projects,$.custom_fields.custom_field_163304,object,custom_field,structural
projects,$.custom_fields.custom_field_163304.data_type,string,other,sidecar:primary
projects,$.custom_fields.custom_field_163304.value,string,money,column:primary
projects,$.custom_fields.custom_field_163305,object,custom_field,structural
projects,$.custom_fields.custom_field_163305.data_type,string,other,sidecar:primary
projects,$.custom_fields.custom_field_163305.value,array,money,child:procore_ep_projects_custom_fields_custom_field_163305_value
projects,$.custom_fields.custom_field_163305.value[],object,money,structural
projects,$.custom_fields.custom_field_163305.value[].id,integer,identity,column:$.custom_fields.custom_field_163305.value
projects,$.custom_fields.custom_field_163305.value[].label,string,title,column:$.custom_fields.custom_field_163305.value
projects,$.custom_fields.custom_field_163305.value[].url,string,attachment,column:$.custom_fields.custom_field_163305.value
projects,$.delivery_method,string,other,column:primary
projects,$.designated_market_area,string,other,column:primary
projects,$.display_name,string,title,column:primary
projects,$.estimated_value,string,money,column:primary
projects,$.id,integer,identity,column:primary
projects,$.is_demo,boolean,other,column:primary
projects,$.latitude,number,other,column:primary
projects,$.longitude,number,other,column:primary
projects,$.name,string,title,column:primary
projects,$.origin_code,string,identity,column:primary
projects,$.origin_data,string,other,column:primary
projects,$.origin_id,string,identity,column:primary
projects,$.owners_project_id,null,identity,column:primary
projects,$.parent_job,null,other,column:primary
projects,$.parent_job_id,null,identity,column:primary
projects,$.phone,string,other,column:primary
projects,$.photo_id,integer,identity,column:primary
projects,$.project_bid_type_id,integer,identity,column:primary
projects,$.project_number,string,identity,column:primary
projects,$.project_owner_type_id,null,identity,column:primary
projects,$.project_region_id,null,identity,column:primary
projects,$.project_sector_id,integer,identity,column:primary
projects,$.project_stage,object,status,column:primary
projects,$.project_stage.id,integer,identity,column:primary
projects,$.project_stage.is_concept_stage,boolean,status,column:primary
projects,$.project_stage.name,string,title,column:primary
projects,$.project_template,object,other,structural
projects,$.project_template.id,integer,identity,column:primary
projects,$.project_template.name,string,title,column:primary
projects,$.projected_finish_date,string,date,column:primary
projects,$.sector,string,other,column:primary
projects,$.stage,string,status,column:primary
projects,$.start_date,string,date,column:primary
projects,$.state_code,string,identity,column:primary
projects,$.store_number,string,identity,column:primary
projects,$.time_zone,string,other,column:primary
projects,$.total_value,string,money,column:primary
projects,$.updated_at,string,date,column:primary
projects,$.work_scope,string,title,column:primary
projects,$.zip,string,other,column:primary
punch-items,$,object,other,structural
punch-items,$.assignees,array,person,child:procore_ep_punch_items_assignees
punch-items,$.assignees[],object,person,structural
punch-items,$.assignees[].company_name,string,company,column:$.assignees
punch-items,$.assignees[].id,integer,identity,column:$.assignees
punch-items,$.assignees[].locale,null,other,column:$.assignees
punch-items,$.assignees[].login,string,person,column:$.assignees
punch-items,$.assignees[].name,string,title,column:$.assignees
punch-items,$.assignments,array,other,child:procore_ep_punch_items_assignments
punch-items,$.assignments[],object,other,structural
punch-items,$.assignments[].approved,boolean,status,column:$.assignments
punch-items,$.assignments[].attachments,array,attachment,sidecar:child:$.assignments
punch-items,$.assignments[].comment,null,title,column:$.assignments
punch-items,$.assignments[].id,integer,identity,column:$.assignments
punch-items,$.assignments[].login_information,object,person,structural
punch-items,$.assignments[].login_information.company_name,string,company,column:$.assignments
punch-items,$.assignments[].login_information.id,integer,identity,column:$.assignments
punch-items,$.assignments[].login_information.locale,null,other,sidecar:child:$.assignments
punch-items,$.assignments[].login_information.login,string,person,column:$.assignments
punch-items,$.assignments[].login_information.name,string,title,column:$.assignments
punch-items,$.assignments[].login_information_id,integer,identity,column:$.assignments
punch-items,$.assignments[].login_information_name,string,person,column:$.assignments
punch-items,$.assignments[].manager_accepted_at,null,date,column:$.assignments
punch-items,$.assignments[].name,string,title,column:$.assignments
punch-items,$.assignments[].notified_at,string,date,column:$.assignments
punch-items,$.assignments[].responded_at,null,date,column:$.assignments
punch-items,$.assignments[].status,string,status,column:$.assignments
punch-items,$.assignments[].updated_at,string,date,column:$.assignments
punch-items,$.assignments[].user_name,string,title,column:$.assignments
punch-items,$.assignments[].vendor,object,company,structural
punch-items,$.assignments[].vendor.id,integer,identity,column:$.assignments
punch-items,$.assignments[].vendor.name,string,title,column:$.assignments
punch-items,$.ball_in_court,array,person,child:procore_ep_punch_items_ball_in_court
punch-items,$.ball_in_court[],object,person,structural
punch-items,$.ball_in_court[].company_name,string,company,column:$.ball_in_court
punch-items,$.ball_in_court[].id,integer,identity,column:$.ball_in_court
punch-items,$.ball_in_court[].locale,null,other,column:$.ball_in_court
punch-items,$.ball_in_court[].login,string,person,column:$.ball_in_court
punch-items,$.ball_in_court[].name,string,title,column:$.ball_in_court
punch-items,$.closed_at,null,date,column:primary
punch-items,$.closed_by,null,status,column:primary
punch-items,$.cost_code,null,identity,column:primary
punch-items,$.cost_impact,string,money,column:primary
punch-items,$.cost_impact_amount,null,money,column:primary
punch-items,$.created_at,string,date,column:primary
punch-items,$.created_by,object,person,structural
punch-items,$.created_by.company_name,string,company,column:primary
punch-items,$.created_by.id,integer,identity,column:primary
punch-items,$.created_by.locale,null,other,sidecar:primary
punch-items,$.created_by.login,string,person,column:primary
punch-items,$.created_by.name,string,title,column:primary
punch-items,$.custom_fields,object,custom_field,structural
punch-items,$.deleted_at,null,date,column:primary
punch-items,$.description,string,title,column:primary
punch-items,$.due_date,string,date,column:primary
punch-items,$.due_tomorrow,boolean,date,column:primary
punch-items,$.final_approver,object,person,structural
punch-items,$.final_approver.company_name,string,company,column:primary
punch-items,$.final_approver.id,integer,identity,column:primary
punch-items,$.final_approver.locale,null,other,sidecar:primary
punch-items,$.final_approver.login,string,person,column:primary
punch-items,$.final_approver.name,string,title,column:primary
punch-items,$.flagged_by,null,other,column:primary
punch-items,$.has_attachments,boolean,attachment,column:primary
punch-items,$.has_resolved_responses,boolean,other,column:primary
punch-items,$.has_unresolved_responses,boolean,other,column:primary
punch-items,$.id,integer,identity,column:primary
punch-items,$.location,object,other,structural
punch-items,$.location.created_at,string,date,column:primary
punch-items,$.location.id,integer,identity,column:primary
punch-items,$.location.name,string,title,column:primary
punch-items,$.location.node_name,string,title,column:primary
punch-items,$.location.parent_id,integer,identity,column:primary
punch-items,$.location.updated_at,string,date,column:primary
punch-items,$.manager_notified_at,string,date,column:primary
punch-items,$.name,string,title,column:primary
punch-items,$.overdue,boolean,date,column:primary
punch-items,$.position,integer,other,column:primary
punch-items,$.priority,null,other,column:primary
punch-items,$.private,boolean,status,column:primary
punch-items,$.punch_item_manager,object,person,structural
punch-items,$.punch_item_manager.company_name,string,company,column:primary
punch-items,$.punch_item_manager.id,integer,identity,column:primary
punch-items,$.punch_item_manager.locale,null,other,sidecar:primary
punch-items,$.punch_item_manager.login,string,person,column:primary
punch-items,$.punch_item_manager.name,string,title,column:primary
punch-items,$.punch_item_type,null,other,column:primary
punch-items,$.reference,string,other,column:primary
punch-items,$.schedule_impact,string,other,column:primary
punch-items,$.schedule_impact_days,null,other,column:primary
punch-items,$.schedule_risk,null,other,column:primary
punch-items,$.schedule_risk_reason,null,title,column:primary
punch-items,$.should_display_risk_flag,boolean,other,column:primary
punch-items,$.status,string,status,column:primary
punch-items,$.trade,object,other,structural
punch-items,$.trade.active,boolean,other,sidecar:primary
punch-items,$.trade.id,integer,identity,column:primary
punch-items,$.trade.name,string,title,column:primary
punch-items,$.trade.updated_at,string,date,column:primary
punch-items,$.updated_at,string,date,column:primary
punch-items,$.workflow_status,string,status,column:primary
purchase-order-contracts,$,object,other,structural
purchase-order-contracts,$.accounting_method,string,other,column:primary
purchase-order-contracts,$.allow_change_orders_ssov,boolean,other,column:primary
purchase-order-contracts,$.approval_letter_date,null,date,column:primary
purchase-order-contracts,$.approved_change_orders,string,status,column:primary
purchase-order-contracts,$.assignee,object,person,column:primary
purchase-order-contracts,$.assignee.id,integer,identity,column:primary
purchase-order-contracts,$.bill_to_address,string,other,column:primary
purchase-order-contracts,$.billing_schedule_of_values_status,string,money,column:primary
purchase-order-contracts,$.contract_date,null,date,column:primary
purchase-order-contracts,$.created_at,string,date,column:primary
purchase-order-contracts,$.created_by_id,integer,identity,column:primary
purchase-order-contracts,$.currency_configuration,object,money,structural
purchase-order-contracts,$.currency_configuration.currency_iso_code,null,identity,column:primary
purchase-order-contracts,$.custom_fields,object,custom_field,structural
purchase-order-contracts,$.custom_fields.custom_field_214050,object,custom_field,structural
purchase-order-contracts,$.custom_fields.custom_field_214050.data_type,string,other,sidecar:primary
purchase-order-contracts,$.custom_fields.custom_field_214050.value,boolean,money,column:primary
purchase-order-contracts,$.custom_fields.custom_field_214051,object,custom_field,structural
purchase-order-contracts,$.custom_fields.custom_field_214051.data_type,string,other,sidecar:primary
purchase-order-contracts,$.custom_fields.custom_field_214051.value,boolean,money,column:primary
purchase-order-contracts,$.custom_fields.custom_field_214052,object,custom_field,structural
purchase-order-contracts,$.custom_fields.custom_field_214052.data_type,string,other,sidecar:primary
purchase-order-contracts,$.custom_fields.custom_field_214052.value,boolean,money,column:primary
purchase-order-contracts,$.custom_fields.custom_field_214053,object,custom_field,structural
purchase-order-contracts,$.custom_fields.custom_field_214053.data_type,string,other,sidecar:primary
purchase-order-contracts,$.custom_fields.custom_field_214053.value,boolean,money,column:primary
purchase-order-contracts,$.custom_fields.custom_field_214054,object,custom_field,structural
purchase-order-contracts,$.custom_fields.custom_field_214054.data_type,string,other,sidecar:primary
purchase-order-contracts,$.custom_fields.custom_field_214054.value,boolean,money,column:primary
purchase-order-contracts,$.custom_fields.custom_field_214055,object,custom_field,structural
purchase-order-contracts,$.custom_fields.custom_field_214055.data_type,string,other,sidecar:primary
purchase-order-contracts,$.custom_fields.custom_field_214055.value,boolean,money,column:primary
purchase-order-contracts,$.custom_fields.custom_field_214056,object,custom_field,structural
purchase-order-contracts,$.custom_fields.custom_field_214056.data_type,string,other,sidecar:primary
purchase-order-contracts,$.custom_fields.custom_field_214056.value,boolean,money,column:primary
purchase-order-contracts,$.custom_fields.custom_field_214057,object,custom_field,structural
purchase-order-contracts,$.custom_fields.custom_field_214057.data_type,string,other,sidecar:primary
purchase-order-contracts,$.custom_fields.custom_field_214057.value,boolean,money,column:primary
purchase-order-contracts,$.custom_fields.custom_field_214058,object,custom_field,structural
purchase-order-contracts,$.custom_fields.custom_field_214058.data_type,string,other,sidecar:primary
purchase-order-contracts,$.custom_fields.custom_field_214058.value,boolean,money,column:primary
purchase-order-contracts,$.custom_fields.custom_field_214059,object,custom_field,structural
purchase-order-contracts,$.custom_fields.custom_field_214059.data_type,string,other,sidecar:primary
purchase-order-contracts,$.custom_fields.custom_field_214059.value,null,money,column:primary
purchase-order-contracts,$.custom_fields.custom_field_214060,object,custom_field,structural
purchase-order-contracts,$.custom_fields.custom_field_214060.data_type,string,other,sidecar:primary
purchase-order-contracts,$.custom_fields.custom_field_214060.value,null,money,column:primary
purchase-order-contracts,$.custom_fields.custom_field_214061,object,custom_field,structural
purchase-order-contracts,$.custom_fields.custom_field_214061.data_type,string,other,sidecar:primary
purchase-order-contracts,$.custom_fields.custom_field_214061.value,boolean,money,column:primary
purchase-order-contracts,$.custom_fields.custom_field_214062,object,custom_field,structural
purchase-order-contracts,$.custom_fields.custom_field_214062.data_type,string,other,sidecar:primary
purchase-order-contracts,$.custom_fields.custom_field_214062.value,string,money,column:primary
purchase-order-contracts,$.custom_fields.custom_field_214063,object,custom_field,structural
purchase-order-contracts,$.custom_fields.custom_field_214063.data_type,string,other,sidecar:primary
purchase-order-contracts,$.custom_fields.custom_field_214063.value,string,money,column:primary
purchase-order-contracts,$.custom_fields.custom_field_214064,object,custom_field,structural
purchase-order-contracts,$.custom_fields.custom_field_214064.data_type,string,other,sidecar:primary
purchase-order-contracts,$.custom_fields.custom_field_214064.value,null,money,column:primary
purchase-order-contracts,$.custom_fields.custom_field_214065,object,custom_field,structural
purchase-order-contracts,$.custom_fields.custom_field_214065.data_type,string,other,sidecar:primary
purchase-order-contracts,$.custom_fields.custom_field_214065.value,null,money,column:primary
purchase-order-contracts,$.custom_fields.custom_field_214066,object,custom_field,structural
purchase-order-contracts,$.custom_fields.custom_field_214066.data_type,string,other,sidecar:primary
purchase-order-contracts,$.custom_fields.custom_field_214066.value,null,money,column:primary
purchase-order-contracts,$.custom_fields.custom_field_214067,object,custom_field,structural
purchase-order-contracts,$.custom_fields.custom_field_214067.data_type,string,other,sidecar:primary
purchase-order-contracts,$.custom_fields.custom_field_214067.value,null,money,column:primary
purchase-order-contracts,$.custom_fields.custom_field_214068,object,custom_field,structural
purchase-order-contracts,$.custom_fields.custom_field_214068.data_type,string,other,sidecar:primary
purchase-order-contracts,$.custom_fields.custom_field_214068.value,null,money,column:primary
purchase-order-contracts,$.custom_fields.custom_field_214069,object,custom_field,structural
purchase-order-contracts,$.custom_fields.custom_field_214069.data_type,string,other,sidecar:primary
purchase-order-contracts,$.custom_fields.custom_field_214069.value,null,money,column:primary
purchase-order-contracts,$.custom_fields.custom_field_214070,object,custom_field,structural
purchase-order-contracts,$.custom_fields.custom_field_214070.data_type,string,other,sidecar:primary
purchase-order-contracts,$.custom_fields.custom_field_214070.value,null,money,column:primary
purchase-order-contracts,$.custom_fields.custom_field_214071,object,custom_field,structural
purchase-order-contracts,$.custom_fields.custom_field_214071.data_type,string,other,sidecar:primary
purchase-order-contracts,$.custom_fields.custom_field_214071.value,null,money,column:primary
purchase-order-contracts,$.custom_fields.custom_field_214072,object,custom_field,structural
purchase-order-contracts,$.custom_fields.custom_field_214072.data_type,string,other,sidecar:primary
purchase-order-contracts,$.custom_fields.custom_field_214072.value,object,money,column:primary
purchase-order-contracts,$.custom_fields.custom_field_214072.value.id,integer,identity,column:primary
purchase-order-contracts,$.custom_fields.custom_field_214072.value.label,string,title,column:primary
purchase-order-contracts,$.custom_fields.custom_field_214073,object,custom_field,structural
purchase-order-contracts,$.custom_fields.custom_field_214073.data_type,string,other,sidecar:primary
purchase-order-contracts,$.custom_fields.custom_field_214073.value,array,money,sidecar:primary
purchase-order-contracts,$.custom_fields.custom_field_214074,object,custom_field,structural
purchase-order-contracts,$.custom_fields.custom_field_214074.data_type,string,other,sidecar:primary
purchase-order-contracts,$.custom_fields.custom_field_214074.value,null,money,column:primary
purchase-order-contracts,$.custom_fields.custom_field_214075,object,custom_field,structural
purchase-order-contracts,$.custom_fields.custom_field_214075.data_type,string,other,sidecar:primary
purchase-order-contracts,$.custom_fields.custom_field_214075.value,null,money,column:primary
purchase-order-contracts,$.custom_fields.custom_field_214076,object,custom_field,structural
purchase-order-contracts,$.custom_fields.custom_field_214076.data_type,string,other,sidecar:primary
purchase-order-contracts,$.custom_fields.custom_field_214076.value,boolean,money,column:primary
purchase-order-contracts,$.custom_fields.custom_field_214077,object,custom_field,structural
purchase-order-contracts,$.custom_fields.custom_field_214077.data_type,string,other,sidecar:primary
purchase-order-contracts,$.custom_fields.custom_field_214077.value,boolean,money,column:primary
purchase-order-contracts,$.custom_fields.custom_field_214078,object,custom_field,structural
purchase-order-contracts,$.custom_fields.custom_field_214078.data_type,string,other,sidecar:primary
purchase-order-contracts,$.custom_fields.custom_field_214078.value,object,money,column:primary
purchase-order-contracts,$.custom_fields.custom_field_214078.value.company_name,string,company,column:primary
purchase-order-contracts,$.custom_fields.custom_field_214078.value.id,integer,identity,column:primary
purchase-order-contracts,$.custom_fields.custom_field_214078.value.label,string,title,column:primary
purchase-order-contracts,$.custom_fields.custom_field_214079,object,custom_field,structural
purchase-order-contracts,$.custom_fields.custom_field_214079.data_type,string,other,sidecar:primary
purchase-order-contracts,$.custom_fields.custom_field_214079.value,string,money,column:primary
purchase-order-contracts,$.custom_fields.custom_field_214080,object,custom_field,structural
purchase-order-contracts,$.custom_fields.custom_field_214080.data_type,string,other,sidecar:primary
purchase-order-contracts,$.custom_fields.custom_field_214080.value,array,money,sidecar:primary
purchase-order-contracts,$.custom_fields.custom_field_214081,object,custom_field,structural
purchase-order-contracts,$.custom_fields.custom_field_214081.data_type,string,other,sidecar:primary
purchase-order-contracts,$.custom_fields.custom_field_214081.value,null,money,column:primary
purchase-order-contracts,$.custom_fields.custom_field_214082,object,custom_field,structural
purchase-order-contracts,$.custom_fields.custom_field_214082.data_type,string,other,sidecar:primary
purchase-order-contracts,$.custom_fields.custom_field_214082.value,null,money,column:primary
purchase-order-contracts,$.custom_fields.custom_field_214083,object,custom_field,structural
purchase-order-contracts,$.custom_fields.custom_field_214083.data_type,string,other,sidecar:primary
purchase-order-contracts,$.custom_fields.custom_field_214083.value,null,money,column:primary
purchase-order-contracts,$.custom_fields.custom_field_214084,object,custom_field,structural
purchase-order-contracts,$.custom_fields.custom_field_214084.data_type,string,other,sidecar:primary
purchase-order-contracts,$.custom_fields.custom_field_214084.value,null,money,column:primary
purchase-order-contracts,$.custom_fields.custom_field_214085,object,custom_field,structural
purchase-order-contracts,$.custom_fields.custom_field_214085.data_type,string,other,sidecar:primary
purchase-order-contracts,$.custom_fields.custom_field_214085.value,null,money,column:primary
purchase-order-contracts,$.custom_fields.custom_field_214086,object,custom_field,structural
purchase-order-contracts,$.custom_fields.custom_field_214086.data_type,string,other,sidecar:primary
purchase-order-contracts,$.custom_fields.custom_field_214086.value,boolean,money,column:primary
purchase-order-contracts,$.custom_fields.custom_field_214087,object,custom_field,structural
purchase-order-contracts,$.custom_fields.custom_field_214087.data_type,string,other,sidecar:primary
purchase-order-contracts,$.custom_fields.custom_field_214087.value,object,money,column:primary
purchase-order-contracts,$.custom_fields.custom_field_214087.value.id,integer,identity,column:primary
purchase-order-contracts,$.custom_fields.custom_field_214087.value.label,string,title,column:primary
purchase-order-contracts,$.custom_fields.custom_field_214088,object,custom_field,structural
purchase-order-contracts,$.custom_fields.custom_field_214088.data_type,string,other,sidecar:primary
purchase-order-contracts,$.custom_fields.custom_field_214088.value,null,money,column:primary
purchase-order-contracts,$.custom_fields.custom_field_214089,object,custom_field,structural
purchase-order-contracts,$.custom_fields.custom_field_214089.data_type,string,other,sidecar:primary
purchase-order-contracts,$.custom_fields.custom_field_214089.value,null,money,column:primary
purchase-order-contracts,$.custom_fields.custom_field_214090,object,custom_field,structural
purchase-order-contracts,$.custom_fields.custom_field_214090.data_type,string,other,sidecar:primary
purchase-order-contracts,$.custom_fields.custom_field_214090.value,null,money,column:primary
purchase-order-contracts,$.custom_fields.custom_field_214091,object,custom_field,structural
purchase-order-contracts,$.custom_fields.custom_field_214091.data_type,string,other,sidecar:primary
purchase-order-contracts,$.custom_fields.custom_field_214091.value,boolean,money,column:primary
purchase-order-contracts,$.custom_fields.custom_field_214092,object,custom_field,structural
purchase-order-contracts,$.custom_fields.custom_field_214092.data_type,string,other,sidecar:primary
purchase-order-contracts,$.custom_fields.custom_field_214092.value,string,money,column:primary
purchase-order-contracts,$.custom_fields.custom_field_214093,object,custom_field,structural
purchase-order-contracts,$.custom_fields.custom_field_214093.data_type,string,other,sidecar:primary
purchase-order-contracts,$.custom_fields.custom_field_214093.value,array,money,sidecar:primary
purchase-order-contracts,$.custom_fields.custom_field_214094,object,custom_field,structural
purchase-order-contracts,$.custom_fields.custom_field_214094.data_type,string,other,sidecar:primary
purchase-order-contracts,$.custom_fields.custom_field_214094.value,array,money,child:procore_ep_purchase_order_contracts_custom_fields_cus_a0fe65
purchase-order-contracts,$.custom_fields.custom_field_214094.value[],object,money,structural
purchase-order-contracts,$.custom_fields.custom_field_214094.value[].id,integer,identity,column:$.custom_fields.custom_field_214094.value
purchase-order-contracts,$.custom_fields.custom_field_214094.value[].label,string,title,column:$.custom_fields.custom_field_214094.value
purchase-order-contracts,$.custom_fields.custom_field_214094.value[].url,string,attachment,column:$.custom_fields.custom_field_214094.value
purchase-order-contracts,$.custom_fields.custom_field_214095,object,custom_field,structural
purchase-order-contracts,$.custom_fields.custom_field_214095.data_type,string,other,sidecar:primary
purchase-order-contracts,$.custom_fields.custom_field_214095.value,string,money,column:primary
purchase-order-contracts,$.custom_fields.custom_field_214096,object,custom_field,structural
purchase-order-contracts,$.custom_fields.custom_field_214096.data_type,string,other,sidecar:primary
purchase-order-contracts,$.custom_fields.custom_field_214096.value,boolean,money,column:primary
purchase-order-contracts,$.deleted_at,null,date,column:primary
purchase-order-contracts,$.delivery_date,string,date,column:primary
purchase-order-contracts,$.description,string,title,column:primary
purchase-order-contracts,$.draft_change_orders_amount,string,money,column:primary
purchase-order-contracts,$.enable_ssov,boolean,other,column:primary
purchase-order-contracts,$.executed,boolean,status,column:primary
purchase-order-contracts,$.execution_date,null,date,column:primary
purchase-order-contracts,$.grand_total,string,money,column:primary
purchase-order-contracts,$.has_change_order_packages,boolean,other,column:primary
purchase-order-contracts,$.has_potential_change_orders,boolean,other,column:primary
purchase-order-contracts,$.id,integer,identity,column:primary
purchase-order-contracts,$.issued_on_date,null,date,column:primary
purchase-order-contracts,$.letter_of_intent_date,null,date,column:primary
purchase-order-contracts,$.number,string,identity,column:primary
purchase-order-contracts,$.origin_code,string,identity,column:primary
purchase-order-contracts,$.origin_data,null,other,column:primary
purchase-order-contracts,$.origin_id,string,identity,column:primary
purchase-order-contracts,$.payment_terms,string,money,column:primary
purchase-order-contracts,$.pending_change_orders,string,other,column:primary
purchase-order-contracts,$.pending_revised_contract,string,other,column:primary
purchase-order-contracts,$.percentage_paid,string,money,column:primary
purchase-order-contracts,$.private,boolean,status,column:primary
purchase-order-contracts,$.project,object,other,structural
purchase-order-contracts,$.project.id,integer,identity,column:primary
purchase-order-contracts,$.project.name,string,title,column:primary
purchase-order-contracts,$.project.origin_data,string,other,sidecar:primary
purchase-order-contracts,$.project.origin_id,string,identity,column:primary
purchase-order-contracts,$.remaining_balance_outstanding,string,money,column:primary
purchase-order-contracts,$.requisitions_are_enabled,boolean,other,column:primary
purchase-order-contracts,$.retainage_percent,string,money,column:primary
purchase-order-contracts,$.returned_date,null,date,column:primary
purchase-order-contracts,$.revised_contract,string,other,column:primary
purchase-order-contracts,$.ship_to_address,string,other,column:primary
purchase-order-contracts,$.ship_via,null,other,column:primary
purchase-order-contracts,$.show_line_items_to_non_admins,boolean,other,column:primary
purchase-order-contracts,$.signed_contract_received_date,string,date,column:primary
purchase-order-contracts,$.status,string,status,column:primary
purchase-order-contracts,$.title,string,title,column:primary
purchase-order-contracts,$.total_draw_requests_amount,string,money,column:primary
purchase-order-contracts,$.total_payments,string,money,column:primary
purchase-order-contracts,$.total_requisitions_amount,string,money,column:primary
purchase-order-contracts,$.updated_at,string,date,column:primary
purchase-order-contracts,$.vendor,object,company,structural
purchase-order-contracts,$.vendor.company,string,company,column:primary
purchase-order-contracts,$.vendor.id,integer,identity,column:primary
purchase-order-contracts,$.vendor.origin_data,string,other,sidecar:primary
purchase-order-contracts,$.vendor.origin_id,string,identity,column:primary
purchase-order-line-items,$,object,other,structural
purchase-order-line-items,$.amount,string,money,column:primary
purchase-order-line-items,$.company,object,company,structural
purchase-order-line-items,$.company.id,integer,identity,column:primary
purchase-order-line-items,$.company.name,string,title,column:primary
purchase-order-line-items,$.cost_code,object,identity,structural
purchase-order-line-items,$.cost_code.biller,string,other,sidecar:primary
purchase-order-line-items,$.cost_code.biller_id,integer,identity,column:primary
purchase-order-line-items,$.cost_code.biller_origin_id,string,identity,column:primary
purchase-order-line-items,$.cost_code.biller_type,string,other,sidecar:primary
purchase-order-line-items,$.cost_code.budgeted,boolean,money,column:primary
purchase-order-line-items,$.cost_code.code,string,identity,column:primary
purchase-order-line-items,$.cost_code.created_at,string,date,column:primary
purchase-order-line-items,$.cost_code.deleted_at,null,date,column:primary
purchase-order-line-items,$.cost_code.full_code,string,identity,column:primary
purchase-order-line-items,$.cost_code.id,integer,identity,column:primary
purchase-order-line-items,$.cost_code.line_item_types,array,other,child:procore_ep_purchase_order_line_items_cost_code_line_i_779dbd
purchase-order-line-items,$.cost_code.line_item_types[],object,other,structural
purchase-order-line-items,$.cost_code.line_item_types[].base_type,string,other,column:$.cost_code.line_item_types
purchase-order-line-items,$.cost_code.line_item_types[].code,string,identity,column:$.cost_code.line_item_types
purchase-order-line-items,$.cost_code.line_item_types[].id,integer,identity,column:$.cost_code.line_item_types
purchase-order-line-items,$.cost_code.line_item_types[].name,string,title,column:$.cost_code.line_item_types
purchase-order-line-items,$.cost_code.line_item_types[].origin_id,string,identity,column:$.cost_code.line_item_types
purchase-order-line-items,$.cost_code.name,string,title,column:primary
purchase-order-line-items,$.cost_code.origin_data,null,other,sidecar:primary
purchase-order-line-items,$.cost_code.origin_id,string,identity,column:primary
purchase-order-line-items,$.cost_code.parent,object,other,structural
purchase-order-line-items,$.cost_code.parent.id,integer,identity,column:primary
purchase-order-line-items,$.cost_code.position,null,other,sidecar:primary
purchase-order-line-items,$.cost_code.sortable_code,string,identity,column:primary
purchase-order-line-items,$.cost_code.standard_cost_code_id,integer,identity,column:primary
purchase-order-line-items,$.cost_code.updated_at,string,date,column:primary
purchase-order-line-items,$.created_at,string,date,column:primary
purchase-order-line-items,$.currency_configuration,object,money,structural
purchase-order-line-items,$.currency_configuration.currency_iso_code,null,identity,column:primary
purchase-order-line-items,$.description,string,title,column:primary
purchase-order-line-items,$.extended_amount,string,money,column:primary
purchase-order-line-items,$.extended_type,string,other,column:primary
purchase-order-line-items,$.holder,object,other,structural
purchase-order-line-items,$.holder.holder_type,string,other,sidecar:primary
purchase-order-line-items,$.holder.id,integer,identity,column:primary
purchase-order-line-items,$.id,integer,identity,column:primary
purchase-order-line-items,$.line_item_type,object,other,structural
purchase-order-line-items,$.line_item_type.base_type,string,other,sidecar:primary
purchase-order-line-items,$.line_item_type.code,string,identity,column:primary
purchase-order-line-items,$.line_item_type.id,integer,identity,column:primary
purchase-order-line-items,$.line_item_type.name,string,title,column:primary
purchase-order-line-items,$.line_item_type.origin_id,string,identity,column:primary
purchase-order-line-items,$.origin_id,string,identity,column:primary
purchase-order-line-items,$.position,integer,other,column:primary
purchase-order-line-items,$.project,object,other,structural
purchase-order-line-items,$.project.id,integer,identity,column:primary
purchase-order-line-items,$.project.name,string,title,column:primary
purchase-order-line-items,$.quantity,string,quantity,column:primary
purchase-order-line-items,$.total_amount,string,money,column:primary
purchase-order-line-items,$.unit_cost,string,money,column:primary
purchase-order-line-items,$.uom,string,quantity,column:primary
purchase-order-line-items,$.updated_at,string,date,column:primary
purchase-order-line-items,$.wbs_code,object,identity,structural
purchase-order-line-items,$.wbs_code.description,string,title,column:primary
purchase-order-line-items,$.wbs_code.flat_code,string,identity,column:primary
purchase-order-line-items,$.wbs_code.id,integer,identity,column:primary
rfis,$,object,other,structural
rfis,$.assignee,object,person,column:primary
rfis,$.assignee.id,integer,identity,column:primary
rfis,$.assignee.locale,string,other,sidecar:primary
rfis,$.assignee.login,string,person,column:primary
rfis,$.assignee.name,string,title,column:primary
rfis,$.assignees,array,person,child:procore_ep_rfis_assignees
rfis,$.assignees[],object,person,structural
rfis,$.assignees[].id,integer,identity,column:$.assignees
rfis,$.assignees[].locale,string,other,column:$.assignees
rfis,$.assignees[].login,string,person,column:$.assignees
rfis,$.assignees[].name,string,title,column:$.assignees
rfis,$.assignees[].response_required,boolean,other,column:$.assignees
rfis,$.ball_in_court,object,person,column:primary
rfis,$.ball_in_court.id,integer,identity,column:primary
rfis,$.ball_in_court.locale,string,other,sidecar:primary
rfis,$.ball_in_court.login,string,person,column:primary
rfis,$.ball_in_court.name,string,title,column:primary
rfis,$.ball_in_courts,array,person,child:procore_ep_rfis_ball_in_courts
rfis,$.ball_in_courts[],object,person,structural
rfis,$.ball_in_courts[].id,integer,identity,column:$.ball_in_courts
rfis,$.ball_in_courts[].locale,string,other,column:$.ball_in_courts
rfis,$.ball_in_courts[].login,string,person,column:$.ball_in_courts
rfis,$.ball_in_courts[].name,string,title,column:$.ball_in_courts
rfis,$.connect_export_origin,null,other,column:primary
rfis,$.cost_code,object,identity,column:primary
rfis,$.cost_code.id,integer,identity,column:primary
rfis,$.cost_code.name,string,title,column:primary
rfis,$.cost_impact,object,money,structural
rfis,$.cost_impact.status,string,status,column:primary
rfis,$.cost_impact.value,string,money,column:primary
rfis,$.created_at,string,date,column:primary
rfis,$.created_by,object,person,structural
rfis,$.created_by.id,integer,identity,column:primary
rfis,$.created_by.login,string,person,column:primary
rfis,$.created_by.name,string,title,column:primary
rfis,$.current_revision,boolean,other,column:primary
rfis,$.custom_fields,object,custom_field,structural
rfis,$.due_date,string,date,column:primary
rfis,$.full_number,string,identity,column:primary
rfis,$.has_revisions,boolean,other,column:primary
rfis,$.id,integer,identity,column:primary
rfis,$.initiated_at,string,date,column:primary
rfis,$.link,string,other,column:primary
rfis,$.location,object,other,column:primary
rfis,$.location.created_at,string,date,column:primary
rfis,$.location.id,integer,identity,column:primary
rfis,$.location.name,string,title,column:primary
rfis,$.location.node_name,string,title,column:primary
rfis,$.location.parent_id,integer,identity,column:primary
rfis,$.location.updated_at,string,date,column:primary
rfis,$.location_id,integer,identity,column:primary
rfis,$.number,string,identity,column:primary
rfis,$.prefix,null,other,column:primary
rfis,$.priority,object,other,structural
rfis,$.priority.name,null,title,column:primary
rfis,$.priority.value,null,money,column:primary
rfis,$.private,boolean,status,column:primary
rfis,$.project_stage,object,status,column:primary
rfis,$.project_stage.default_stage,boolean,status,column:primary
rfis,$.project_stage.dependent_projects,integer,other,sidecar:primary
rfis,$.project_stage.formatted_name,string,title,column:primary
rfis,$.project_stage.formatted_parent_name,null,title,column:primary
rfis,$.project_stage.id,integer,identity,column:primary
rfis,$.project_stage.is_concept_stage,boolean,status,column:primary
rfis,$.project_stage.name,string,title,column:primary
rfis,$.project_stage.parent_id,null,identity,column:primary
rfis,$.project_stage.procore_category,boolean,other,sidecar:primary
rfis,$.proposed_solution,string,other,column:primary
rfis,$.questions,array,title,child:procore_ep_rfis_questions
rfis,$.questions[],object,title,structural
rfis,$.questions[].body,string,title,column:$.questions
rfis,$.questions[].errors,object,other,structural
rfis,$.questions[].id,integer,identity,column:$.questions
rfis,$.received_from,object,other,column:primary
rfis,$.received_from.id,integer,identity,column:primary
rfis,$.received_from.login,string,person,column:primary
rfis,$.received_from.name,string,title,column:primary
rfis,$.reference,string,other,column:primary
rfis,$.responsible_contractor,object,person,column:primary
rfis,$.responsible_contractor.id,integer,identity,column:primary
rfis,$.responsible_contractor.name,string,title,column:primary
rfis,$.revision,string,other,column:primary
rfis,$.rfi_manager,object,person,structural
rfis,$.rfi_manager.id,integer,identity,column:primary
rfis,$.rfi_manager.login,string,person,column:primary
rfis,$.rfi_manager.name,string,title,column:primary
rfis,$.schedule_impact,object,other,structural
rfis,$.schedule_impact.status,string,status,column:primary
rfis,$.schedule_impact.value,null,money,column:primary
rfis,$.source_rfi_header_id,integer,identity,column:primary
rfis,$.specification_section_id,integer,identity,column:primary
rfis,$.status,string,status,column:primary
rfis,$.sub_job,object,other,column:primary
rfis,$.sub_job.code,string,identity,column:primary
rfis,$.sub_job.id,integer,identity,column:primary
rfis,$.sub_job.name,string,title,column:primary
rfis,$.subject,string,title,column:primary
rfis,$.time_resolved,string,other,column:primary
rfis,$.translated_status,string,status,column:primary
rfis,$.updated_at,string,date,column:primary
rfqs,$,object,other,structural
rfqs,$.assigned,object,attachment,structural
rfqs,$.assigned.id,integer,identity,column:primary
rfqs,$.assigned.login,string,person,column:primary
rfqs,$.assigned.name,string,title,column:primary
rfqs,$.attachments,array,attachment,child:procore_ep_rfqs_attachments
rfqs,$.attachments[],object,attachment,structural
rfqs,$.attachments[].filename,string,attachment,column:$.attachments
rfqs,$.attachments[].id,integer,identity,column:$.attachments
rfqs,$.attachments[].name,string,title,column:$.attachments
rfqs,$.attachments[].url,string,attachment,column:$.attachments
rfqs,$.change_event,object,other,structural
rfqs,$.change_event.alphanumeric_number,string,identity,column:primary
rfqs,$.change_event.attachments,array,attachment,child:procore_ep_rfqs_change_event_attachments
rfqs,$.change_event.attachments[],object,attachment,structural
rfqs,$.change_event.attachments[].filename,string,attachment,column:$.change_event.attachments
rfqs,$.change_event.attachments[].id,integer,identity,column:$.change_event.attachments
rfqs,$.change_event.attachments[].name,string,title,column:$.change_event.attachments
rfqs,$.change_event.attachments[].url,string,attachment,column:$.change_event.attachments
rfqs,$.change_event.change_event_line_items,array,other,child:procore_ep_rfqs_change_event_change_event_line_items
rfqs,$.change_event.change_event_line_items[],object,other,structural
rfqs,$.change_event.change_event_line_items[].biller,object,other,structural
rfqs,$.change_event.change_event_line_items[].biller.guid,string,identity,column:$.change_event.change_event_line_items
rfqs,$.change_event.change_event_line_items[].biller.id,integer,identity,column:$.change_event.change_event_line_items
rfqs,$.change_event.change_event_line_items[].biller.model_name,string,title,column:$.change_event.change_event_line_items
rfqs,$.change_event.change_event_line_items[].biller.name,string,title,column:$.change_event.change_event_line_items
rfqs,$.change_event.change_event_line_items[].biller_guid,string,other,column:$.change_event.change_event_line_items
rfqs,$.change_event.change_event_line_items[].commitment_pco_cost,string,money,column:$.change_event.change_event_line_items
rfqs,$.change_event.change_event_line_items[].commitment_pco_cost_project_currency,string,money,column:$.change_event.change_event_line_items
rfqs,$.change_event.change_event_line_items[].committed_cost,string,money,column:$.change_event.change_event_line_items
rfqs,$.change_event.change_event_line_items[].committed_cost_project_currency,string,money,column:$.change_event.change_event_line_items
rfqs,$.change_event.change_event_line_items[].contract,object,other,structural
rfqs,$.change_event.change_event_line_items[].contract.id,integer,identity,column:$.change_event.change_event_line_items
rfqs,$.change_event.change_event_line_items[].contract.name,string,title,column:$.change_event.change_event_line_items
rfqs,$.change_event.change_event_line_items[].contract.number,string,identity,column:$.change_event.change_event_line_items
rfqs,$.change_event.change_event_line_items[].contract.title,string,title,column:$.change_event.change_event_line_items
rfqs,$.change_event.change_event_line_items[].cost_code,object,identity,structural
rfqs,$.change_event.change_event_line_items[].cost_code.biller,string,other,sidecar:child:$.change_event.change_event_line_items
rfqs,$.change_event.change_event_line_items[].cost_code.biller_id,integer,identity,column:$.change_event.change_event_line_items
rfqs,$.change_event.change_event_line_items[].cost_code.biller_origin_id,string,identity,column:$.change_event.change_event_line_items
rfqs,$.change_event.change_event_line_items[].cost_code.biller_type,string,other,sidecar:child:$.change_event.change_event_line_items
rfqs,$.change_event.change_event_line_items[].cost_code.budgeted,boolean,money,column:$.change_event.change_event_line_items
rfqs,$.change_event.change_event_line_items[].cost_code.code,string,identity,column:$.change_event.change_event_line_items
rfqs,$.change_event.change_event_line_items[].cost_code.created_at,string,date,column:$.change_event.change_event_line_items
rfqs,$.change_event.change_event_line_items[].cost_code.deleted_at,null,date,column:$.change_event.change_event_line_items
rfqs,$.change_event.change_event_line_items[].cost_code.full_code,string,identity,column:$.change_event.change_event_line_items
rfqs,$.change_event.change_event_line_items[].cost_code.id,integer,identity,column:$.change_event.change_event_line_items
rfqs,$.change_event.change_event_line_items[].cost_code.line_item_types,array,other,child:procore_ep_rfqs_change_event_change_event_line_items__0a3e8d
rfqs,$.change_event.change_event_line_items[].cost_code.line_item_types[],object,other,structural
rfqs,$.change_event.change_event_line_items[].cost_code.line_item_types[].base_type,string,other,column:$.change_event.change_event_line_items[].cost_code.line_item_types
rfqs,$.change_event.change_event_line_items[].cost_code.line_item_types[].code,string,identity,column:$.change_event.change_event_line_items[].cost_code.line_item_types
rfqs,$.change_event.change_event_line_items[].cost_code.line_item_types[].id,integer,identity,column:$.change_event.change_event_line_items[].cost_code.line_item_types
rfqs,$.change_event.change_event_line_items[].cost_code.line_item_types[].name,string,title,column:$.change_event.change_event_line_items[].cost_code.line_item_types
rfqs,$.change_event.change_event_line_items[].cost_code.line_item_types[].origin_id,string,identity,column:$.change_event.change_event_line_items[].cost_code.line_item_types
rfqs,$.change_event.change_event_line_items[].cost_code.name,string,title,column:$.change_event.change_event_line_items
rfqs,$.change_event.change_event_line_items[].cost_code.origin_data,null,other,sidecar:child:$.change_event.change_event_line_items
rfqs,$.change_event.change_event_line_items[].cost_code.origin_id,string,identity,column:$.change_event.change_event_line_items
rfqs,$.change_event.change_event_line_items[].cost_code.parent,object,other,structural
rfqs,$.change_event.change_event_line_items[].cost_code.parent.id,integer,identity,column:$.change_event.change_event_line_items
rfqs,$.change_event.change_event_line_items[].cost_code.position,null,other,sidecar:child:$.change_event.change_event_line_items
rfqs,$.change_event.change_event_line_items[].cost_code.sortable_code,string,identity,column:$.change_event.change_event_line_items
rfqs,$.change_event.change_event_line_items[].cost_code.standard_cost_code_id,integer,identity,column:$.change_event.change_event_line_items
rfqs,$.change_event.change_event_line_items[].cost_code.updated_at,string,date,column:$.change_event.change_event_line_items
rfqs,$.change_event.change_event_line_items[].cost_code_biller_name,string,cost_code,column:$.change_event.change_event_line_items
rfqs,$.change_event.change_event_line_items[].cost_code_id,integer,identity,column:$.change_event.change_event_line_items
rfqs,$.change_event.change_event_line_items[].cost_code_is_budgeted,boolean,money,column:$.change_event.change_event_line_items
rfqs,$.change_event.change_event_line_items[].cost_type,object,money,structural
rfqs,$.change_event.change_event_line_items[].cost_type.base_type,string,other,sidecar:child:$.change_event.change_event_line_items
rfqs,$.change_event.change_event_line_items[].cost_type.company_id,integer,identity,column:$.change_event.change_event_line_items
rfqs,$.change_event.change_event_line_items[].cost_type.created_at,string,date,column:$.change_event.change_event_line_items
rfqs,$.change_event.change_event_line_items[].cost_type.csv_import_code,string,identity,column:$.change_event.change_event_line_items
rfqs,$.change_event.change_event_line_items[].cost_type.deleted_at,null,date,column:$.change_event.change_event_line_items
rfqs,$.change_event.change_event_line_items[].cost_type.equipment_timecard_entry_type,boolean,other,sidecar:child:$.change_event.change_event_line_items
rfqs,$.change_event.change_event_line_items[].cost_type.id,integer,identity,column:$.change_event.change_event_line_items
rfqs,$.change_event.change_event_line_items[].cost_type.line_item_type_category_id,null,identity,column:$.change_event.change_event_line_items
rfqs,$.change_event.change_event_line_items[].cost_type.name,string,title,column:$.change_event.change_event_line_items
rfqs,$.change_event.change_event_line_items[].cost_type.position,integer,other,sidecar:child:$.change_event.change_event_line_items
rfqs,$.change_event.change_event_line_items[].cost_type.provider_id,integer,identity,column:$.change_event.change_event_line_items
rfqs,$.change_event.change_event_line_items[].cost_type.provider_type,string,other,sidecar:child:$.change_event.change_event_line_items
rfqs,$.change_event.change_event_line_items[].cost_type.status,string,status,column:$.change_event.change_event_line_items
rfqs,$.change_event.change_event_line_items[].cost_type.timesheet_type,boolean,other,sidecar:child:$.change_event.change_event_line_items
rfqs,$.change_event.change_event_line_items[].cost_type.updated_at,string,date,column:$.change_event.change_event_line_items
rfqs,$.change_event.change_event_line_items[].created_at,string,date,column:$.change_event.change_event_line_items
rfqs,$.change_event.change_event_line_items[].deletable,boolean,other,column:$.change_event.change_event_line_items
rfqs,$.change_event.change_event_line_items[].description,string,title,column:$.change_event.change_event_line_items
rfqs,$.change_event.change_event_line_items[].editable,boolean,other,column:$.change_event.change_event_line_items
rfqs,$.change_event.change_event_line_items[].estimated_cost_amount,string,money,column:$.change_event.change_event_line_items
rfqs,$.change_event.change_event_line_items[].estimated_cost_calculation_strategy,string,money,column:$.change_event.change_event_line_items
rfqs,$.change_event.change_event_line_items[].estimated_cost_quantity,string,money,column:$.change_event.change_event_line_items
rfqs,$.change_event.change_event_line_items[].estimated_cost_unit_cost,string,money,column:$.change_event.change_event_line_items
rfqs,$.change_event.change_event_line_items[].event_id,integer,identity,column:$.change_event.change_event_line_items
rfqs,$.change_event.change_event_line_items[].event_title_and_number,string,identity,column:$.change_event.change_event_line_items
rfqs,$.change_event.change_event_line_items[].id,integer,identity,column:$.change_event.change_event_line_items
rfqs,$.change_event.change_event_line_items[].is_markup_summary,boolean,money,column:$.change_event.change_event_line_items
rfqs,$.change_event.change_event_line_items[].latest_cost_amount,string,money,column:$.change_event.change_event_line_items
rfqs,$.change_event.change_event_line_items[].latest_cost_amount_project_currency,string,money,column:$.change_event.change_event_line_items
rfqs,$.change_event.change_event_line_items[].latest_cost_calculation_strategy,string,money,column:$.change_event.change_event_line_items
rfqs,$.change_event.change_event_line_items[].latest_cost_quantity,string,money,column:$.change_event.change_event_line_items
rfqs,$.change_event.change_event_line_items[].latest_cost_unit_cost,string,money,column:$.change_event.change_event_line_items
rfqs,$.change_event.change_event_line_items[].latest_cost_uom,string,money,column:$.change_event.change_event_line_items
rfqs,$.change_event.change_event_line_items[].latest_revenue_amount,string,money,column:$.change_event.change_event_line_items
rfqs,$.change_event.change_event_line_items[].latest_revenue_amount_project_currency,string,money,column:$.change_event.change_event_line_items
rfqs,$.change_event.change_event_line_items[].line_item_type,object,other,structural
rfqs,$.change_event.change_event_line_items[].line_item_type.base_type,string,other,sidecar:child:$.change_event.change_event_line_items
rfqs,$.change_event.change_event_line_items[].line_item_type.code,string,identity,column:$.change_event.change_event_line_items
rfqs,$.change_event.change_event_line_items[].line_item_type.id,integer,identity,column:$.change_event.change_event_line_items
rfqs,$.change_event.change_event_line_items[].line_item_type.name,string,title,column:$.change_event.change_event_line_items
rfqs,$.change_event.change_event_line_items[].line_item_type_id,integer,identity,column:$.change_event.change_event_line_items
rfqs,$.change_event.change_event_line_items[].links,object,other,structural
rfqs,$.change_event.change_event_line_items[].links.commitment_pco_cost,string,money,column:$.change_event.change_event_line_items
rfqs,$.change_event.change_event_line_items[].links.committed_cost,string,money,column:$.change_event.change_event_line_items
rfqs,$.change_event.change_event_line_items[].links.contract,string,other,sidecar:child:$.change_event.change_event_line_items
rfqs,$.change_event.change_event_line_items[].links.edit,string,other,sidecar:child:$.change_event.change_event_line_items
rfqs,$.change_event.change_event_line_items[].links.parent,string,other,sidecar:child:$.change_event.change_event_line_items
rfqs,$.change_event.change_event_line_items[].links.rfq_amount,string,money,column:$.change_event.change_event_line_items
rfqs,$.change_event.change_event_line_items[].links.rom,string,other,sidecar:child:$.change_event.change_event_line_items
rfqs,$.change_event.change_event_line_items[].links.view,string,other,sidecar:child:$.change_event.change_event_line_items
rfqs,$.change_event.change_event_line_items[].manual_latest_cost_amount,null,money,column:$.change_event.change_event_line_items
rfqs,$.change_event.change_event_line_items[].non_committed_cost,null,money,column:$.change_event.change_event_line_items
rfqs,$.change_event.change_event_line_items[].number,string,identity,column:$.change_event.change_event_line_items
rfqs,$.change_event.change_event_line_items[].over_under_amount,string,money,column:$.change_event.change_event_line_items
rfqs,$.change_event.change_event_line_items[].over_under_amount_project_currency,string,money,column:$.change_event.change_event_line_items
rfqs,$.change_event.change_event_line_items[].permission_to_edit,null,other,column:$.change_event.change_event_line_items
rfqs,$.change_event.change_event_line_items[].proposed_contract_id,integer,identity,column:$.change_event.change_event_line_items
rfqs,$.change_event.change_event_line_items[].proposed_vendor_id,integer,identity,column:$.change_event.change_event_line_items
rfqs,$.change_event.change_event_line_items[].request_for_quote_id,integer,identity,column:$.change_event.change_event_line_items
rfqs,$.change_event.change_event_line_items[].revenue_rom_amount,string,money,column:$.change_event.change_event_line_items
rfqs,$.change_event.change_event_line_items[].revenue_rom_amount_project_currency,string,money,column:$.change_event.change_event_line_items
rfqs,$.change_event.change_event_line_items[].revenue_rom_calculation_strategy,string,other,column:$.change_event.change_event_line_items
rfqs,$.change_event.change_event_line_items[].revenue_rom_display,string,other,column:$.change_event.change_event_line_items
rfqs,$.change_event.change_event_line_items[].revenue_rom_quantity,string,quantity,column:$.change_event.change_event_line_items
rfqs,$.change_event.change_event_line_items[].revenue_rom_unit_cost,string,money,column:$.change_event.change_event_line_items
rfqs,$.change_event.change_event_line_items[].revenue_rom_uom,string,quantity,column:$.change_event.change_event_line_items
rfqs,$.change_event.change_event_line_items[].rfq_amount,null,money,column:$.change_event.change_event_line_items
rfqs,$.change_event.change_event_line_items[].rfq_amount_project_currency,null,money,column:$.change_event.change_event_line_items
rfqs,$.change_event.change_event_line_items[].rfq_sent,string,other,column:$.change_event.change_event_line_items
rfqs,$.change_event.change_event_line_items[].rom,string,other,column:$.change_event.change_event_line_items
rfqs,$.change_event.change_event_line_items[].sortable_code,string,identity,column:$.change_event.change_event_line_items
rfqs,$.change_event.change_event_line_items[].status,string,status,column:$.change_event.change_event_line_items
rfqs,$.change_event.change_event_line_items[].statuses,object,status,structural
rfqs,$.change_event.change_event_line_items[].statuses.commitment_pco_cost,string,money,column:$.change_event.change_event_line_items
rfqs,$.change_event.change_event_line_items[].statuses.commitment_pco_tooltip,string,other,sidecar:child:$.change_event.change_event_line_items
rfqs,$.change_event.change_event_line_items[].statuses.committed_cost,string,money,column:$.change_event.change_event_line_items
rfqs,$.change_event.change_event_line_items[].statuses.contract,string,other,sidecar:child:$.change_event.change_event_line_items
rfqs,$.change_event.change_event_line_items[].statuses.rfq_amount,string,money,column:$.change_event.change_event_line_items
rfqs,$.change_event.change_event_line_items[].statuses.rfq_tooltip,string,other,sidecar:child:$.change_event.change_event_line_items
rfqs,$.change_event.change_event_line_items[].title,string,title,column:$.change_event.change_event_line_items
rfqs,$.change_event.change_event_line_items[].uom,string,quantity,column:$.change_event.change_event_line_items
rfqs,$.change_event.change_event_line_items[].updated_at,string,date,column:$.change_event.change_event_line_items
rfqs,$.change_event.change_event_line_items[].vendor,object,company,structural
rfqs,$.change_event.change_event_line_items[].vendor.id,integer,identity,column:$.change_event.change_event_line_items
rfqs,$.change_event.change_event_line_items[].vendor.name,string,title,column:$.change_event.change_event_line_items
rfqs,$.change_event.change_event_line_items[].wbs_code,object,identity,structural
rfqs,$.change_event.change_event_line_items[].wbs_code.description,null,title,column:$.change_event.change_event_line_items
rfqs,$.change_event.change_event_line_items[].wbs_code.flat_code,null,identity,column:$.change_event.change_event_line_items
rfqs,$.change_event.change_event_line_items[].wbs_code.id,null,identity,column:$.change_event.change_event_line_items
rfqs,$.change_event.change_event_origin_id,integer,identity,column:primary
rfqs,$.change_event.change_event_origin_type,string,other,sidecar:primary
rfqs,$.change_event.change_event_status,object,status,structural
rfqs,$.change_event.change_event_status.default_status,boolean,status,column:primary
rfqs,$.change_event.change_event_status.id,integer,identity,column:primary
rfqs,$.change_event.change_event_status.mapped_to_status,string,status,column:primary
rfqs,$.change_event.change_event_status.name,string,title,column:primary
rfqs,$.change_event.change_event_status.show_in_select,boolean,other,sidecar:primary
rfqs,$.change_event.change_order_change_reason,object,title,structural
rfqs,$.change_event.change_order_change_reason.change_reason,string,title,column:primary
rfqs,$.change_event.change_order_change_reason.company_id,integer,identity,column:primary
rfqs,$.change_event.change_order_change_reason.id,integer,identity,column:primary
rfqs,$.change_event.created_at,string,date,column:primary
rfqs,$.change_event.created_by,object,person,structural
rfqs,$.change_event.created_by.id,integer,identity,column:primary
rfqs,$.change_event.created_by.login,string,person,column:primary
rfqs,$.change_event.created_by.name,string,title,column:primary
rfqs,$.change_event.description,string,title,column:primary
rfqs,$.change_event.event_scope,string,title,column:primary
rfqs,$.change_event.event_type,string,other,sidecar:primary
rfqs,$.change_event.id,integer,identity,column:primary
rfqs,$.change_event.number,integer,identity,column:primary
rfqs,$.change_event.project_id,integer,identity,column:primary
rfqs,$.change_event.status,string,status,column:primary
rfqs,$.change_event.title,string,title,column:primary
rfqs,$.change_event.updated_at,string,date,column:primary
rfqs,$.change_event_line_item_id,integer,identity,column:primary
rfqs,$.commitment_change_order_packages,object,other,structural
rfqs,$.commitment_change_order_packages.contract,object,other,structural
rfqs,$.commitment_change_order_packages.contract.vendor,object,company,structural
rfqs,$.commitment_change_order_packages.contract.vendor.id,integer,identity,column:primary
rfqs,$.commitment_change_order_packages.contract.vendor.name,string,title,column:primary
rfqs,$.commitment_change_order_packages.contract_id,integer,identity,column:primary
rfqs,$.commitment_change_order_packages.created_at,string,date,column:primary
rfqs,$.commitment_change_order_packages.created_by_id,integer,identity,column:primary
rfqs,$.commitment_change_order_packages.currency_configuration,object,money,structural
rfqs,$.commitment_change_order_packages.currency_configuration.currency_iso_code,null,identity,column:primary
rfqs,$.commitment_change_order_packages.designated_reviewer,object,status,structural
rfqs,$.commitment_change_order_packages.designated_reviewer.id,integer,identity,column:primary
rfqs,$.commitment_change_order_packages.designated_reviewer.login,string,person,column:primary
rfqs,$.commitment_change_order_packages.designated_reviewer.name,string,title,column:primary
rfqs,$.commitment_change_order_packages.due_date,string,date,column:primary
rfqs,$.commitment_change_order_packages.executed,boolean,status,column:primary
rfqs,$.commitment_change_order_packages.grand_total,string,money,column:primary
rfqs,$.commitment_change_order_packages.id,integer,identity,column:primary
rfqs,$.commitment_change_order_packages.number,string,identity,column:primary
rfqs,$.commitment_change_order_packages.origin_code,string,identity,column:primary
rfqs,$.commitment_change_order_packages.origin_id,string,identity,column:primary
rfqs,$.commitment_change_order_packages.reviewed_at,string,date,column:primary
rfqs,$.commitment_change_order_packages.revision,integer,other,sidecar:primary
rfqs,$.commitment_change_order_packages.singleton_potential_change_order_id,integer,identity,column:primary
rfqs,$.commitment_change_order_packages.status,string,status,column:primary
rfqs,$.commitment_change_order_packages.title,string,title,column:primary
rfqs,$.commitment_change_order_packages.updated_at,string,date,column:primary
rfqs,$.commitment_contract_id,integer,identity,column:primary
rfqs,$.commitment_potential_change_orders,object,other,structural
rfqs,$.commitment_potential_change_orders.change_order_package_acronym_number,string,identity,column:primary
rfqs,$.commitment_potential_change_orders.change_order_package_title,string,title,column:primary
rfqs,$.commitment_potential_change_orders.change_order_request_acronym_number,string,identity,column:primary
rfqs,$.commitment_potential_change_orders.change_order_request_id,integer,identity,column:primary
rfqs,$.commitment_potential_change_orders.change_order_request_title,string,title,column:primary
rfqs,$.commitment_potential_change_orders.change_order_tiers,integer,other,sidecar:primary
rfqs,$.commitment_potential_change_orders.change_reason,string,title,column:primary
rfqs,$.commitment_potential_change_orders.contract_id,integer,identity,column:primary
rfqs,$.commitment_potential_change_orders.created_at,string,date,column:primary
rfqs,$.commitment_potential_change_orders.created_by_id,integer,identity,column:primary
rfqs,$.commitment_potential_change_orders.currency_configuration,object,money,structural
rfqs,$.commitment_potential_change_orders.currency_configuration.currency_iso_code,null,identity,column:primary
rfqs,$.commitment_potential_change_orders.executed,boolean,status,column:primary
rfqs,$.commitment_potential_change_orders.grand_total,string,money,column:primary
rfqs,$.commitment_potential_change_orders.id,integer,identity,column:primary
rfqs,$.commitment_potential_change_orders.number,string,identity,column:primary
rfqs,$.commitment_potential_change_orders.potential_change_order_acronym_number,string,identity,column:primary
rfqs,$.commitment_potential_change_orders.revision,integer,other,sidecar:primary
rfqs,$.commitment_potential_change_orders.schedule_impact_amount,integer,money,column:primary
rfqs,$.commitment_potential_change_orders.status,string,status,column:primary
rfqs,$.commitment_potential_change_orders.title,string,title,column:primary
rfqs,$.commitment_potential_change_orders.updated_at,string,date,column:primary
rfqs,$.created_at,string,date,column:primary
rfqs,$.created_by,object,person,structural
rfqs,$.created_by.id,integer,identity,column:primary
rfqs,$.created_by.login,string,person,column:primary
rfqs,$.created_by.name,string,title,column:primary
rfqs,$.currency_configuration,object,money,structural
rfqs,$.currency_configuration.currency_iso_code,null,identity,column:primary
rfqs,$.description,string,title,column:primary
rfqs,$.due_date,string,date,column:primary
rfqs,$.estimated_status,string,status,column:primary
rfqs,$.id,integer,identity,column:primary
rfqs,$.intent_to_quote,boolean,other,column:primary
rfqs,$.number,string,identity,column:primary
rfqs,$.position,integer,other,column:primary
rfqs,$.private,boolean,status,column:primary
rfqs,$.prostore_file_ids,array,attachment,sidecar:primary
rfqs,$.prostore_file_ids[],integer,attachment,structural
rfqs,$.quotes,array,other,sidecar:primary
rfqs,$.responses,array,other,sidecar:primary
rfqs,$.status,string,status,column:primary
rfqs,$.title,string,title,column:primary
rfqs,$.updated_at,string,date,column:primary
schedules,$,object,other,structural
schedules,$.calendar_id,string,identity,column:primary
schedules,$.company_id,string,identity,column:primary
schedules,$.created_at,string,date,column:primary
schedules,$.created_by,string,person,column:primary
schedules,$.data_date,string,date,column:primary
schedules,$.deleted_at,null,date,column:primary
schedules,$.deleted_by,null,person,column:primary
schedules,$.is_active,boolean,other,column:primary
schedules,$.parent_schedule_id,null,identity,column:primary
schedules,$.project_id,string,identity,column:primary
schedules,$.schedule_id,string,identity,column:primary
schedules,$.schedule_name,string,title,column:primary
schedules,$.schedule_type,string,other,column:primary
schedules,$.start_date,string,date,column:primary
schedules,$.updated_at,string,date,column:primary
schedules,$.updated_by,string,person,column:primary
subcontractor-invoice-change-order-items,$,object,other,structural
subcontractor-invoice-change-order-items,$.change_order_package_id,integer,identity,column:primary
subcontractor-invoice-change-order-items,$.comment,null,title,column:primary
subcontractor-invoice-change-order-items,$.commitment_line_item_id,integer,identity,column:primary
subcontractor-invoice-change-order-items,$.commitment_line_item_origin_id,string,identity,column:primary
subcontractor-invoice-change-order-items,$.cost_code_id,integer,identity,column:primary
subcontractor-invoice-change-order-items,$.currency_configuration,object,money,structural
subcontractor-invoice-change-order-items,$.currency_configuration.currency_iso_code,null,identity,column:primary
subcontractor-invoice-change-order-items,$.description_of_work,string,title,column:primary
subcontractor-invoice-change-order-items,$.id,integer,identity,column:primary
subcontractor-invoice-change-order-items,$.item_type,string,other,column:primary
subcontractor-invoice-change-order-items,$.line_item_id,integer,identity,column:primary
subcontractor-invoice-change-order-items,$.materials_moved,string,other,column:primary
subcontractor-invoice-change-order-items,$.materials_retainage_retained_moved,string,money,column:primary
subcontractor-invoice-change-order-items,$.position,integer,other,column:primary
subcontractor-invoice-change-order-items,$.scheduled_quantity,string,quantity,column:primary
subcontractor-invoice-change-order-items,$.scheduled_unit_price,string,money,column:primary
subcontractor-invoice-change-order-items,$.scheduled_value,string,money,column:primary
subcontractor-invoice-change-order-items,$.ssr_manual_override,boolean,other,column:primary
subcontractor-invoice-change-order-items,$.status,string,status,column:primary
subcontractor-invoice-change-order-items,$.subcontractor_claimed_amount,string,money,column:primary
subcontractor-invoice-change-order-items,$.total_completed_and_stored_to_date,string,date,column:primary
subcontractor-invoice-change-order-items,$.total_completed_and_stored_to_date_percent,string,money,column:primary
subcontractor-invoice-change-order-items,$.wbs_code,object,identity,structural
subcontractor-invoice-change-order-items,$.wbs_code.description,string,title,column:primary
subcontractor-invoice-change-order-items,$.wbs_code.flat_code,string,identity,column:primary
subcontractor-invoice-change-order-items,$.wbs_code.id,integer,identity,column:primary
subcontractor-invoice-change-order-items,$.work_completed_from_previous_application,string,other,column:primary
subcontractor-invoice-change-order-items,$.work_completed_from_previous_application_quantity,string,quantity,column:primary
subcontractor-invoice-change-order-items,$.work_completed_retainage_from_previous_application,string,money,column:primary
subcontractor-invoice-change-order-items,$.work_completed_retainage_percent_this_period,string,money,column:primary
subcontractor-invoice-change-order-items,$.work_completed_retainage_released_this_period,string,money,column:primary
subcontractor-invoice-change-order-items,$.work_completed_retainage_retained_this_period,string,money,column:primary
subcontractor-invoice-change-order-items,$.work_completed_this_period,string,other,column:primary
subcontractor-invoice-change-order-items,$.work_completed_this_period_quantity,string,quantity,column:primary
subcontractor-invoice-contract-detail-items,$,object,other,structural
subcontractor-invoice-contract-detail-items,$.comment,null,title,column:primary
subcontractor-invoice-contract-detail-items,$.cost_code_id,integer,identity,column:primary
subcontractor-invoice-contract-detail-items,$.currency_configuration,object,money,structural
subcontractor-invoice-contract-detail-items,$.currency_configuration.currency_iso_code,null,identity,column:primary
subcontractor-invoice-contract-detail-items,$.description_of_work,string,title,column:primary
subcontractor-invoice-contract-detail-items,$.detail_line_item_id,integer,identity,column:primary
subcontractor-invoice-contract-detail-items,$.id,integer,identity,column:primary
subcontractor-invoice-contract-detail-items,$.item_type,string,other,column:primary
subcontractor-invoice-contract-detail-items,$.materials_moved,string,other,column:primary
subcontractor-invoice-contract-detail-items,$.materials_presently_stored,string,other,column:primary
subcontractor-invoice-contract-detail-items,$.materials_retainage_retained_moved,string,money,column:primary
subcontractor-invoice-contract-detail-items,$.materials_stored_retainage_currently_retained,string,money,column:primary
subcontractor-invoice-contract-detail-items,$.materials_stored_retainage_percent_this_period,string,money,column:primary
subcontractor-invoice-contract-detail-items,$.materials_stored_retainage_released_this_period,string,money,column:primary
subcontractor-invoice-contract-detail-items,$.position,integer,other,column:primary
subcontractor-invoice-contract-detail-items,$.scheduled_value,string,money,column:primary
subcontractor-invoice-contract-detail-items,$.ssr_manual_override,boolean,other,column:primary
subcontractor-invoice-contract-detail-items,$.status,string,status,column:primary
subcontractor-invoice-contract-detail-items,$.subcontractor_claimed_amount,string,money,column:primary
subcontractor-invoice-contract-detail-items,$.total_completed_and_stored_to_date,string,date,column:primary
subcontractor-invoice-contract-detail-items,$.total_completed_and_stored_to_date_percent,string,money,column:primary
subcontractor-invoice-contract-detail-items,$.wbs_code,object,identity,structural
subcontractor-invoice-contract-detail-items,$.wbs_code.description,string,title,column:primary
subcontractor-invoice-contract-detail-items,$.wbs_code.flat_code,string,identity,column:primary
subcontractor-invoice-contract-detail-items,$.wbs_code.id,integer,identity,column:primary
subcontractor-invoice-contract-detail-items,$.work_completed_from_previous_application,string,other,column:primary
subcontractor-invoice-contract-detail-items,$.work_completed_retainage_from_previous_application,string,money,column:primary
subcontractor-invoice-contract-detail-items,$.work_completed_retainage_percent_this_period,string,money,column:primary
subcontractor-invoice-contract-detail-items,$.work_completed_retainage_released_this_period,string,money,column:primary
subcontractor-invoice-contract-detail-items,$.work_completed_retainage_retained_this_period,string,money,column:primary
subcontractor-invoice-contract-detail-items,$.work_completed_this_period,string,other,column:primary
subcontractor-invoices,$,object,other,structural
subcontractor-invoices,$.attachments,array,attachment,child:procore_ep_subcontractor_invoices_attachments
subcontractor-invoices,$.attachments[],object,attachment,structural
subcontractor-invoices,$.attachments[].content_type,string,other,column:$.attachments
subcontractor-invoices,$.attachments[].filename,string,attachment,column:$.attachments
subcontractor-invoices,$.attachments[].id,integer,identity,column:$.attachments
subcontractor-invoices,$.attachments[].name,string,title,column:$.attachments
subcontractor-invoices,$.attachments[].url,string,attachment,column:$.attachments
subcontractor-invoices,$.billing_date,string,date,column:primary
subcontractor-invoices,$.comment,string,title,column:primary
subcontractor-invoices,$.commitment_id,integer,identity,column:primary
subcontractor-invoices,$.commitment_type,string,other,column:primary
subcontractor-invoices,$.contract_invoicing_method,string,other,column:primary
subcontractor-invoices,$.contract_name,string,title,column:primary
subcontractor-invoices,$.created_at,string,date,column:primary
subcontractor-invoices,$.created_by,object,person,structural
subcontractor-invoices,$.created_by.company_name,string,company,column:primary
subcontractor-invoices,$.created_by.id,integer,identity,column:primary
subcontractor-invoices,$.created_by.login,string,person,column:primary
subcontractor-invoices,$.created_by.name,string,title,column:primary
subcontractor-invoices,$.currency_configuration,object,money,structural
subcontractor-invoices,$.currency_configuration.base_currency_iso_code,null,identity,column:primary
subcontractor-invoices,$.currency_configuration.currency_exchange_rate,string,money,column:primary
subcontractor-invoices,$.currency_configuration.currency_iso_code,null,identity,column:primary
subcontractor-invoices,$.custom_fields,object,custom_field,structural
subcontractor-invoices,$.deletable,boolean,other,column:primary
subcontractor-invoices,$.electronic_signature_id,null,identity,column:primary
subcontractor-invoices,$.erp_status,string,status,column:primary
subcontractor-invoices,$.final,boolean,other,column:primary
subcontractor-invoices,$.id,integer,identity,column:primary
subcontractor-invoices,$.invoice_number,string,identity,column:primary
subcontractor-invoices,$.invoice_type,string,other,column:primary
subcontractor-invoices,$.move_materials_to_previous_work_completed,boolean,other,column:primary
subcontractor-invoices,$.number,integer,identity,column:primary
subcontractor-invoices,$.origin_data,null,other,column:primary
subcontractor-invoices,$.origin_id,null,identity,column:primary
subcontractor-invoices,$.payment_date,null,date,column:primary
subcontractor-invoices,$.payment_summary,object,money,structural
subcontractor-invoices,$.payment_summary.invoice_paid_in_full,boolean,money,column:primary
subcontractor-invoices,$.payment_summary.invoiced_amount_due,string,date,column:primary
subcontractor-invoices,$.payment_summary.manual,object,other,structural
subcontractor-invoices,$.payment_summary.manual.amount,string,money,column:primary
subcontractor-invoices,$.payment_summary.procore_pay,object,other,structural
subcontractor-invoices,$.payment_summary.procore_pay.amount,integer,money,column:primary
subcontractor-invoices,$.percent_complete,string,other,column:primary
subcontractor-invoices,$.period_id,integer,identity,column:primary
subcontractor-invoices,$.previous_requisition_id,integer,identity,column:primary
subcontractor-invoices,$.project_id,integer,identity,column:primary
subcontractor-invoices,$.requisition_end,string,other,column:primary
subcontractor-invoices,$.requisition_start,string,other,column:primary
subcontractor-invoices,$.status,string,status,column:primary
subcontractor-invoices,$.submitted_at,string,date,column:primary
subcontractor-invoices,$.summary,object,money,structural
subcontractor-invoices,$.summary.balance_to_finish_including_retainage,string,money,column:primary
subcontractor-invoices,$.summary.completed_work_retainage_amount,string,money,column:primary
subcontractor-invoices,$.summary.completed_work_retainage_percent,string,money,column:primary
subcontractor-invoices,$.summary.contract_sum_to_date,string,date,column:primary
subcontractor-invoices,$.summary.current_payment_due,string,date,column:primary
subcontractor-invoices,$.summary.formatted_period,string,other,sidecar:primary
subcontractor-invoices,$.summary.less_previous_certificates_for_payment,string,money,column:primary
subcontractor-invoices,$.summary.negative_change_order_item_total,string,money,column:primary
subcontractor-invoices,$.summary.negative_new_change_order_item_total,string,money,column:primary
subcontractor-invoices,$.summary.negative_previous_change_order_item_total,string,money,column:primary
subcontractor-invoices,$.summary.net_change_by_change_orders,string,other,sidecar:primary
subcontractor-invoices,$.summary.original_contract_sum,string,money,column:primary
subcontractor-invoices,$.summary.positive_change_order_item_total,string,money,column:primary
subcontractor-invoices,$.summary.positive_new_change_order_item_total,string,money,column:primary
subcontractor-invoices,$.summary.positive_previous_change_order_item_total,string,money,column:primary
subcontractor-invoices,$.summary.stored_materials_retainage_amount,string,money,column:primary
subcontractor-invoices,$.summary.stored_materials_retainage_percent,string,money,column:primary
subcontractor-invoices,$.summary.tax_applicable_to_this_payment,string,money,column:primary
subcontractor-invoices,$.summary.total_completed_and_stored_to_date,string,date,column:primary
subcontractor-invoices,$.summary.total_earned_less_retainage,string,money,column:primary
subcontractor-invoices,$.summary.total_retainage,string,money,column:primary
subcontractor-invoices,$.total_claimed_amount,string,money,column:primary
subcontractor-invoices,$.updated_at,string,date,column:primary
subcontractor-invoices,$.vendor_id,integer,identity,column:primary
subcontractor-invoices,$.vendor_name,string,company,column:primary
submittals,$,object,other,structural
submittals,$.approvers,array,person,child:procore_ep_submittals_approvers
submittals,$.approvers[],object,person,structural
submittals,$.approvers[].approver_type,string,person,column:$.approvers
submittals,$.approvers[].attachments,array,attachment,child:procore_ep_submittals_approvers_attachments
submittals,$.approvers[].attachments[],object,attachment,structural
submittals,$.approvers[].attachments[].filename,string,attachment,column:$.approvers[].attachments
submittals,$.approvers[].attachments[].id,integer,identity,column:$.approvers[].attachments
submittals,$.approvers[].attachments[].name,string,title,column:$.approvers[].attachments
submittals,$.approvers[].attachments[].url,string,attachment,column:$.approvers[].attachments
submittals,$.approvers[].comment,string,title,column:$.approvers
submittals,$.approvers[].days_to_respond,integer,other,column:$.approvers
submittals,$.approvers[].distributed,boolean,other,column:$.approvers
submittals,$.approvers[].due_date,string,date,column:$.approvers
submittals,$.approvers[].id,integer,identity,column:$.approvers
submittals,$.approvers[].response,object,other,structural
submittals,$.approvers[].response.considered,string,other,sidecar:child:$.approvers
submittals,$.approvers[].response.id,integer,identity,column:$.approvers
submittals,$.approvers[].response.name,string,title,column:$.approvers
submittals,$.approvers[].response_required,boolean,other,column:$.approvers
submittals,$.approvers[].returned_date,string,date,column:$.approvers
submittals,$.approvers[].sent_date,string,date,column:$.approvers
submittals,$.approvers[].submittal_associated_attachment_ids,array,attachment,sidecar:child:$.approvers
submittals,$.approvers[].submittal_associated_attachment_ids[],integer,attachment,structural
submittals,$.approvers[].user,object,other,structural
submittals,$.approvers[].user.id,integer,identity,column:$.approvers
submittals,$.approvers[].user.locale,string,other,sidecar:child:$.approvers
submittals,$.approvers[].user.login,string,person,column:$.approvers
submittals,$.approvers[].user.name,string,title,column:$.approvers
submittals,$.approvers[].workflow_group_number,integer,identity,column:$.approvers
submittals,$.attachments_count,integer,quantity,column:primary
submittals,$.ball_in_court,array,person,child:procore_ep_submittals_ball_in_court
submittals,$.ball_in_court[],object,person,structural
submittals,$.ball_in_court[].id,integer,identity,column:$.ball_in_court
submittals,$.ball_in_court[].locale,null,other,column:$.ball_in_court
submittals,$.ball_in_court[].login,string,person,column:$.ball_in_court
submittals,$.ball_in_court[].name,string,title,column:$.ball_in_court
submittals,$.buffer_time,null,other,column:primary
submittals,$.closed_at,string,date,column:primary
submittals,$.created_at,string,date,column:primary
submittals,$.created_by,object,person,structural
submittals,$.created_by.id,integer,identity,column:primary
submittals,$.created_by.locale,string,other,sidecar:primary
submittals,$.created_by.login,string,person,column:primary
submittals,$.created_by.name,string,title,column:primary
submittals,$.current_revision,boolean,other,column:primary
submittals,$.custom_fields,object,custom_field,structural
submittals,$.custom_fields.custom_field_77760,object,custom_field,structural
submittals,$.custom_fields.custom_field_77760.data_type,string,other,sidecar:primary
submittals,$.custom_fields.custom_field_77760.value,boolean,money,column:primary
submittals,$.custom_fields.custom_field_77761,object,custom_field,structural
submittals,$.custom_fields.custom_field_77761.data_type,string,other,sidecar:primary
submittals,$.custom_fields.custom_field_77761.value,object,money,column:primary
submittals,$.custom_fields.custom_field_77761.value.id,integer,identity,column:primary
submittals,$.custom_fields.custom_field_77761.value.label,string,title,column:primary
submittals,$.custom_fields.custom_field_77762,object,custom_field,structural
submittals,$.custom_fields.custom_field_77762.data_type,string,other,sidecar:primary
submittals,$.custom_fields.custom_field_77762.value,object,money,column:primary
submittals,$.custom_fields.custom_field_77762.value.company_name,string,company,column:primary
submittals,$.custom_fields.custom_field_77762.value.id,integer,identity,column:primary
submittals,$.custom_fields.custom_field_77762.value.label,string,title,column:primary
submittals,$.custom_fields.custom_field_77763,object,custom_field,structural
submittals,$.custom_fields.custom_field_77763.data_type,string,other,sidecar:primary
submittals,$.custom_fields.custom_field_77763.value,string,money,column:primary
submittals,$.custom_fields.custom_field_77764,object,custom_field,structural
submittals,$.custom_fields.custom_field_77764.data_type,string,other,sidecar:primary
submittals,$.custom_fields.custom_field_77764.value,string,money,column:primary
submittals,$.distributed_at,string,date,column:primary
submittals,$.due_date,string,date,column:primary
submittals,$.for_record_only,boolean,other,column:primary
submittals,$.formatted_number,string,identity,column:primary
submittals,$.id,integer,identity,column:primary
submittals,$.is_rejected,boolean,other,column:primary
submittals,$.issue_date,string,date,column:primary
submittals,$.location,object,other,column:primary
submittals,$.location.created_at,string,date,column:primary
submittals,$.location.id,integer,identity,column:primary
submittals,$.location.name,string,title,column:primary
submittals,$.location.node_name,string,title,column:primary
submittals,$.location.parent_id,null,identity,column:primary
submittals,$.location.updated_at,string,date,column:primary
submittals,$.number,string,identity,column:primary
submittals,$.open_date,string,date,column:primary
submittals,$.operation_item_errors,array,other,sidecar:primary
submittals,$.private,boolean,status,column:primary
submittals,$.received_date,string,date,column:primary
submittals,$.received_from,object,other,column:primary
submittals,$.received_from.id,integer,identity,column:primary
submittals,$.received_from.locale,string,other,sidecar:primary
submittals,$.received_from.login,string,person,column:primary
submittals,$.received_from.name,string,title,column:primary
submittals,$.rejected_submittal_log_approver_id,null,identity,column:primary
submittals,$.required_on_site_date,string,date,column:primary
submittals,$.responsible_contractor,object,person,column:primary
submittals,$.responsible_contractor.id,integer,identity,column:primary
submittals,$.responsible_contractor.name,string,title,column:primary
submittals,$.revision,string,other,column:primary
submittals,$.scheduled_task,null,other,column:primary
submittals,$.specification_section,object,other,column:primary
submittals,$.specification_section.current_revision_id,integer,identity,column:primary
submittals,$.specification_section.description,string,title,column:primary
submittals,$.specification_section.id,integer,identity,column:primary
submittals,$.specification_section.label,string,title,column:primary
submittals,$.specification_section.number,string,identity,column:primary
submittals,$.specification_section.specification_area_id,integer,identity,column:primary
submittals,$.specification_section.specification_area_name,string,title,column:primary
submittals,$.specification_section.viewable_document_id,null,identity,column:primary
submittals,$.status,object,status,structural
submittals,$.status.id,integer,identity,column:primary
submittals,$.status.name,string,title,column:primary
submittals,$.status.status,string,status,column:primary
submittals,$.sub_job,null,other,column:primary
submittals,$.submit_by,string,other,column:primary
submittals,$.submittal_manager,object,person,structural
submittals,$.submittal_manager.id,integer,identity,column:primary
submittals,$.submittal_manager.locale,string,other,sidecar:primary
submittals,$.submittal_manager.login,string,person,column:primary
submittals,$.submittal_manager.name,string,title,column:primary
submittals,$.submittal_package,object,other,column:primary
submittals,$.submittal_package.attachments,array,attachment,sidecar:primary
submittals,$.submittal_package.attachments_count,integer,quantity,column:primary
submittals,$.submittal_package.created_by,object,person,structural
submittals,$.submittal_package.created_by.id,integer,identity,column:primary
submittals,$.submittal_package.created_by.locale,null,other,sidecar:primary
submittals,$.submittal_package.created_by.login,string,person,column:primary
submittals,$.submittal_package.created_by.name,string,title,column:primary
submittals,$.submittal_package.description,string,title,column:primary
submittals,$.submittal_package.id,integer,identity,column:primary
submittals,$.submittal_package.number,string,identity,column:primary
submittals,$.submittal_package.specification_section_id,integer,identity,column:primary
submittals,$.submittal_package.submittal_ids,array,other,sidecar:primary
submittals,$.submittal_package.submittal_ids[],integer,other,structural
submittals,$.submittal_package.title,string,title,column:primary
submittals,$.submittal_package.updated_at,string,date,column:primary
submittals,$.submittal_workflow_template,object,other,column:primary
submittals,$.submittal_workflow_template.id,integer,identity,column:primary
submittals,$.submittal_workflow_template.name,string,title,column:primary
submittals,$.submittal_workflow_template_applied_at,string,date,column:primary
submittals,$.title,string,title,column:primary
submittals,$.type,object,other,column:primary
submittals,$.type.id,integer,identity,column:primary
submittals,$.type.name,string,title,column:primary
submittals,$.type.translated_name,string,title,column:primary
submittals,$.updated_at,string,date,column:primary
